Workbook

Sheet 📖 使用说明
B2: 万马多新豪 v62 — 分析模板使用指南
B3: 配合系统导出的 Excel 文件使用 · 纯数据 · 不预测
B5: 📋 本模板包含以下工作表
B7: 📖 使用说明 | C7: 你现在在这里。说明各表用途和操作流程。
B8: 📌 命中追踪 | C8: 每期记录你选的号码 + 实际开奖 → 自动统计命中率、方法效果。
B9: 🔬 方法验证 | C9: 用 COUNTIFS 公式深挖各方法的真实成功率，避免「感觉有效」的偏差。
B10: 📊 月度总结 | C10: 按月汇总命中率、花费、回报，找出你最强的月份和市场。
B11: 💡 透视表指引 | C11: 手把手说明如何在导出的历史数据上建立数据透视表做更深分析。
B13: 🔄 推荐工作流程（每期）
B14: ① 开奖前 | C14: 在系统里完成分析 → 选出 5-10 个候选号码
B15: ② 记录选号 | C15: 在「命中追踪」表填入日期、市场、你选的号码、使用的方法
B16: ③ 开奖后 | C16: 填入实际头/二/三奖号码 → 命中列自动变色
B17: ④ 每月一次 | C17: 看「月度总结」表的命中率变化 → 找规律
B18: ⑤ 每季一次 | C18: 看「方法验证」表 → 停用效果差的方法，加强有效的
B20: ⚠️ 重要提醒
B21: • 彩票属于随机事件，本模板只是帮助你「有纪律地记录决策」，无法提高中奖概率。
B22: • 命中追踪的意义不是证明你会赢，而是找出哪些方法让你输得少一点。
B23: • 建议连续使用至少 3 个月，样本太少的统计没有意义。
B24: • 每次开奖后务必填写实际结果，否则命中率统计会失效。

Sheet 📌 命中追踪
A2: 📌 命中追踪表 — 每期选号 vs 实际开奖 | Q2: 📊 实时统计
A3: # | B3: 日期 | C3: 市场 | D3: ← 我选的号码（最多5个）→ | I3: ← 实际开奖 → | L3: 命中 | M3: 中奖号 | N3: 方法 | O3: 备注
A4: # | B4: 日期 | C4: 市场 | D4: 选号1 | E4: 选号2 | F4: 选号3 | G4: 选号4 | H4: 选号5 | I4: 头奖 | J4: 二奖 | K4: 三奖 | L4: 命中? | M4: 中奖号 | N4: 方法 | O4: 备注 | Q4: 总期数 | R4: =COUNTA(B5:B104)
A5: 1 | L5: =IF(COUNTA(D5:H5)=0,"",IF(SUMPRODUCT((ISNUMBER(MATCH(IF(D5:H5<>"",D5:H5,0),IF(I5:K5<>"",I5:K5,999999),0)))*1)>0,"✅ 命中","❌")) | M5: =IF(L5="✅ 命中",IFERROR(INDEX(D5:H5,MATCH(1,ISNUMBER(MATCH(IF(D5:H5<>"",D5:H5,0),IF(I5:K5<>"",I5:K5,999999),0))*1,0)),""),"--") | Q5: 有选号期数 | R5: =SUMPRODUCT(--(MMULT(--(D5:H104<>""),{1,1,1,1,1})>0))
A6: 2 | L6: =IF(COUNTA(D6:H6)=0,"",IF(SUMPRODUCT((ISNUMBER(MATCH(IF(D6:H6<>"",D6:H6,0),IF(I6:K6<>"",I6:K6,999999),0)))*1)>0,"✅ 命中","❌")) | M6: =IF(L6="✅ 命中",IFERROR(INDEX(D6:H6,MATCH(1,ISNUMBER(MATCH(IF(D6:H6<>"",D6:H6,0),IF(I6:K6<>"",I6:K6,999999),0))*1,0)),""),"--") | Q6: 命中次数 | R6: =COUNTIF(L5:L104,"✅ 命中")
A7: 3 | L7: =IF(COUNTA(D7:H7)=0,"",IF(SUMPRODUCT((ISNUMBER(MATCH(IF(D7:H7<>"",D7:H7,0),IF(I7:K7<>"",I7:K7,999999),0)))*1)>0,"✅ 命中","❌")) | M7: =IF(L7="✅ 命中",IFERROR(INDEX(D7:H7,MATCH(1,ISNUMBER(MATCH(IF(D7:H7<>"",D7:H7,0),IF(I7:K7<>"",I7:K7,999999),0))*1,0)),""),"--") | Q7: 命中率 | R7: =IFERROR(COUNTIF(L5:L104,"✅ 命中")/COUNTIF(L5:L104,"<>"),0)
A8: 4 | L8: =IF(COUNTA(D8:H8)=0,"",IF(SUMPRODUCT((ISNUMBER(MATCH(IF(D8:H8<>"",D8:H8,0),IF(I8:K8<>"",I8:K8,999999),0)))*1)>0,"✅ 命中","❌")) | M8: =IF(L8="✅ 命中",IFERROR(INDEX(D8:H8,MATCH(1,ISNUMBER(MATCH(IF(D8:H8<>"",D8:H8,0),IF(I8:K8<>"",I8:K8,999999),0))*1,0)),""),"--")
A9: 5 | L9: =IF(COUNTA(D9:H9)=0,"",IF(SUMPRODUCT((ISNUMBER(MATCH(IF(D9:H9<>"",D9:H9,0),IF(I9:K9<>"",I9:K9,999999),0)))*1)>0,"✅ 命中","❌")) | M9: =IF(L9="✅ 命中",IFERROR(INDEX(D9:H9,MATCH(1,ISNUMBER(MATCH(IF(D9:H9<>"",D9:H9,0),IF(I9:K9<>"",I9:K9,999999),0))*1,0)),""),"--") | Q9: ─ 按方法 ─
A10: 6 | L10: =IF(COUNTA(D10:H10)=0,"",IF(SUMPRODUCT((ISNUMBER(MATCH(IF(D10:H10<>"",D10:H10,0),IF(I10:K10<>"",I10:K10,999999),0)))*1)>0,"✅ 命中","❌")) | M10: =IF(L10="✅ 命中",IFERROR(INDEX(D10:H10,MATCH(1,ISNUMBER(MATCH(IF(D10:H10<>"",D10:H10,0),IF(I10:K10<>"",I10:K10,999999),0))*1,0)),""),"--") | Q10: 数根链 | R10: =IFERROR(COUNTIFS(N5:N104,"数根链",L5:L104,"✅ 命中")/COUNTIF(N5:N104,"数根链"),0)
A11: 7 | L11: =IF(COUNTA(D11:H11)=0,"",IF(SUMPRODUCT((ISNUMBER(MATCH(IF(D11:H11<>"",D11:H11,0),IF(I11:K11<>"",I11:K11,999999),0)))*1)>0,"✅ 命中","❌")) | M11: =IF(L11="✅ 命中",IFERROR(INDEX(D11:H11,MATCH(1,ISNUMBER(MATCH(IF(D11:H11<>"",D11:H11,0),IF(I11:K11<>"",I11:K11,999999),0))*1,0)),""),"--") | Q11: 配对分析 | R11: =IFERROR(COUNTIFS(N5:N104,"配对分析",L5:L104,"✅ 命中")/COUNTIF(N5:N104,"配对分析"),0)
A12: 8 | L12: =IF(COUNTA(D12:H12)=0,"",IF(SUMPRODUCT((ISNUMBER(MATCH(IF(D12:H12<>"",D12:H12,0),IF(I12:K12<>"",I12:K12,999999),0)))*1)>0,"✅ 命中","❌")) | M12: =IF(L12="✅ 命中",IFERROR(INDEX(D12:H12,MATCH(1,ISNUMBER(MATCH(IF(D12:H12<>"",D12:H12,0),IF(I12:K12<>"",I12:K12,999999),0))*1,0)),""),"--") | Q12: 冷热库 | R12: =IFERROR(COUNTIFS(N5:N104,"冷热库",L5:L104,"✅ 命中")/COUNTIF(N5:N104,"冷热库"),0)
A13: 9 | L13: =IF(COUNTA(D13:H13)=0,"",IF(SUMPRODUCT((ISNUMBER(MATCH(IF(D13:H13<>"",D13:H13,0),IF(I13:K13<>"",I13:K13,999999),0)))*1)>0,"✅ 命中","❌")) | M13: =IF(L13="✅ 命中",IFERROR(INDEX(D13:H13,MATCH(1,ISNUMBER(MATCH(IF(D13:H13<>"",D13:H13,0),IF(I13:K13<>"",I13:K13,999999),0))*1,0)),""),"--") | Q13: 四步向导 | R13: =IFERROR(COUNTIFS(N5:N104,"四步向导",L5:L104,"✅ 命中")/COUNTIF(N5:N104,"四步向导"),0)
A14: 10 | L14: =IF(COUNTA(D14:H14)=0,"",IF(SUMPRODUCT((ISNUMBER(MATCH(IF(D14:H14<>"",D14:H14,0),IF(I14:K14<>"",I14:K14,999999),0)))*1)>0,"✅ 命中","❌")) | M14: =IF(L14="✅ 命中",IFERROR(INDEX(D14:H14,MATCH(1,ISNUMBER(MATCH(IF(D14:H14<>"",D14:H14,0),IF(I14:K14<>"",I14:K14,999999),0))*1,0)),""),"--") | Q14: 工作台 | R14: =IFERROR(COUNTIFS(N5:N104,"工作台",L5:L104,"✅ 命中")/COUNTIF(N5:N104,"工作台"),0)
A15: 11 | L15: =IF(COUNTA(D15:H15)=0,"",IF(SUMPRODUCT((ISNUMBER(MATCH(IF(D15:H15<>"",D15:H15,0),IF(I15:K15<>"",I15:K15,999999),0)))*1)>0,"✅ 命中","❌")) | M15: =IF(L15="✅ 命中",IFERROR(INDEX(D15:H15,MATCH(1,ISNUMBER(MATCH(IF(D15:H15<>"",D15:H15,0),IF(I15:K15<>"",I15:K15,999999),0))*1,0)),""),"--") | Q15: 点数区间 | R15: =IFERROR(COUNTIFS(N5:N104,"点数区间",L5:L104,"✅ 命中")/COUNTIF(N5:N104,"点数区间"),0)
A16: 12 | L16: =IF(COUNTA(D16:H16)=0,"",IF(SUMPRODUCT((ISNUMBER(MATCH(IF(D16:H16<>"",D16:H16,0),IF(I16:K16<>"",I16:K16,999999),0)))*1)>0,"✅ 命中","❌")) | M16: =IF(L16="✅ 命中",IFERROR(INDEX(D16:H16,MATCH(1,ISNUMBER(MATCH(IF(D16:H16<>"",D16:H16,0),IF(I16:K16<>"",I16:K16,999999),0))*1,0)),""),"--") | Q16: 条件筛选 | R16: =IFERROR(COUNTIFS(N5:N104,"条件筛选",L5:L104,"✅ 命中")/COUNTIF(N5:N104,"条件筛选"),0)
A17: 13 | L17: =IF(COUNTA(D17:H17)=0,"",IF(SUMPRODUCT((ISNUMBER(MATCH(IF(D17:H17<>"",D17:H17,0),IF(I17:K17<>"",I17:K17,999999),0)))*1)>0,"✅ 命中","❌")) | M17: =IF(L17="✅ 命中",IFERROR(INDEX(D17:H17,MATCH(1,ISNUMBER(MATCH(IF(D17:H17<>"",D17:H17,0),IF(I17:K17<>"",I17:K17,999999),0))*1,0)),""),"--") | Q17: 人工判断 | R17: =IFERROR(COUNTIFS(N5:N104,"人工判断",L5:L104,"✅ 命中")/COUNTIF(N5:N104,"人工判断"),0)
A18: 14 | L18: =IF(COUNTA(D18:H18)=0,"",IF(SUMPRODUCT((ISNUMBER(MATCH(IF(D18:H18<>"",D18:H18,0),IF(I18:K18<>"",I18:K18,999999),0)))*1)>0,"✅ 命中","❌")) | M18: =IF(L18="✅ 命中",IFERROR(INDEX(D18:H18,MATCH(1,ISNUMBER(MATCH(IF(D18:H18<>"",D18:H18,0),IF(I18:K18<>"",I18:K18,999999),0))*1,0)),""),"--")
A19: 15 | L19: =IF(COUNTA(D19:H19)=0,"",IF(SUMPRODUCT((ISNUMBER(MATCH(IF(D19:H19<>"",D19:H19,0),IF(I19:K19<>"",I19:K19,999999),0)))*1)>0,"✅ 命中","❌")) | M19: =IF(L19="✅ 命中",IFERROR(INDEX(D19:H19,MATCH(1,ISNUMBER(MATCH(IF(D19:H19<>"",D19:H19,0),IF(I19:K19<>"",I19:K19,999999),0))*1,0)),""),"--") | Q19: ─ 按市场 ─
A20: 16 | L20: =IF(COUNTA(D20:H20)=0,"",IF(SUMPRODUCT((ISNUMBER(MATCH(IF(D20:H20<>"",D20:H20,0),IF(I20:K20<>"",I20:K20,999999),0)))*1)>0,"✅ 命中","❌")) | M20: =IF(L20="✅ 命中",IFERROR(INDEX(D20:H20,MATCH(1,ISNUMBER(MATCH(IF(D20:H20<>"",D20:H20,0),IF(I20:K20<>"",I20:K20,999999),0))*1,0)),""),"--") | Q20: 万能 | R20: =IFERROR(COUNTIFS(C5:C104,"万能",L5:L104,"✅ 命中")/COUNTIF(C5:C104,"万能"),0)
A21: 17 | L21: =IF(COUNTA(D21:H21)=0,"",IF(SUMPRODUCT((ISNUMBER(MATCH(IF(D21:H21<>"",D21:H21,0),IF(I21:K21<>"",I21:K21,999999),0)))*1)>0,"✅ 命中","❌")) | M21: =IF(L21="✅ 命中",IFERROR(INDEX(D21:H21,MATCH(1,ISNUMBER(MATCH(IF(D21:H21<>"",D21:H21,0),IF(I21:K21<>"",I21:K21,999999),0))*1,0)),""),"--") | Q21: 跑马 | R21: =IFERROR(COUNTIFS(C5:C104,"跑马",L5:L104,"✅ 命中")/COUNTIF(C5:C104,"跑马"),0)
A22: 18 | L22: =IF(COUNTA(D22:H22)=0,"",IF(SUMPRODUCT((ISNUMBER(MATCH(IF(D22:H22<>"",D22:H22,0),IF(I22:K22<>"",I22:K22,999999),0)))*1)>0,"✅ 命中","❌")) | M22: =IF(L22="✅ 命中",IFERROR(INDEX(D22:H22,MATCH(1,ISNUMBER(MATCH(IF(D22:H22<>"",D22:H22,0),IF(I22:K22<>"",I22:K22,999999),0))*1,0)),""),"--") | Q22: 多多 | R22: =IFERROR(COUNTIFS(C5:C104,"多多",L5:L104,"✅ 命中")/COUNTIF(C5:C104,"多多"),0)
A23: 19 | L23: =IF(COUNTA(D23:H23)=0,"",IF(SUMPRODUCT((ISNUMBER(MATCH(IF(D23:H23<>"",D23:H23,0),IF(I23:K23<>"",I23:K23,999999),0)))*1)>0,"✅ 命中","❌")) | M23: =IF(L23="✅ 命中",IFERROR(INDEX(D23:H23,MATCH(1,ISNUMBER(MATCH(IF(D23:H23<>"",D23:H23,0),IF(I23:K23<>"",I23:K23,999999),0))*1,0)),""),"--") | Q23: 新加坡 | R23: =IFERROR(COUNTIFS(C5:C104,"新加坡",L5:L104,"✅ 命中")/COUNTIF(C5:C104,"新加坡"),0)
A24: 20 | L24: =IF(COUNTA(D24:H24)=0,"",IF(SUMPRODUCT((ISNUMBER(MATCH(IF(D24:H24<>"",D24:H24,0),IF(I24:K24<>"",I24:K24,999999),0)))*1)>0,"✅ 命中","❌")) | M24: =IF(L24="✅ 命中",IFERROR(INDEX(D24:H24,MATCH(1,ISNUMBER(MATCH(IF(D24:H24<>"",D24:H24,0),IF(I24:K24<>"",I24:K24,999999),0))*1,0)),""),"--") | Q24: 豪龙 | R24: =IFERROR(COUNTIFS(C5:C104,"豪龙",L5:L104,"✅ 命中")/COUNTIF(C5:C104,"豪龙"),0)
A25: 21 | L25: =IF(COUNTA(D25:H25)=0,"",IF(SUMPRODUCT((ISNUMBER(MATCH(IF(D25:H25<>"",D25:H25,0),IF(I25:K25<>"",I25:K25,999999),0)))*1)>0,"✅ 命中","❌")) | M25: =IF(L25="✅ 命中",IFERROR(INDEX(D25:H25,MATCH(1,ISNUMBER(MATCH(IF(D25:H25<>"",D25:H25,0),IF(I25:K25<>"",I25:K25,999999),0))*1,0)),""),"--")
A26: 22 | L26: =IF(COUNTA(D26:H26)=0,"",IF(SUMPRODUCT((ISNUMBER(MATCH(IF(D26:H26<>"",D26:H26,0),IF(I26:K26<>"",I26:K26,999999),0)))*1)>0,"✅ 命中","❌")) | M26: =IF(L26="✅ 命中",IFERROR(INDEX(D26:H26,MATCH(1,ISNUMBER(MATCH(IF(D26:H26<>"",D26:H26,0),IF(I26:K26<>"",I26:K26,999999),0))*1,0)),""),"--")
A27: 23 | L27: =IF(COUNTA(D27:H27)=0,"",IF(SUMPRODUCT((ISNUMBER(MATCH(IF(D27:H27<>"",D27:H27,0),IF(I27:K27<>"",I27:K27,999999),0)))*1)>0,"✅ 命中","❌")) | M27: =IF(L27="✅ 命中",IFERROR(INDEX(D27:H27,MATCH(1,ISNUMBER(MATCH(IF(D27:H27<>"",D27:H27,0),IF(I27:K27<>"",I27:K27,999999),0))*1,0)),""),"--")
A28: 24 | L28: =IF(COUNTA(D28:H28)=0,"",IF(SUMPRODUCT((ISNUMBER(MATCH(IF(D28:H28<>"",D28:H28,0),IF(I28:K28<>"",I28:K28,999999),0)))*1)>0,"✅ 命中","❌")) | M28: =IF(L28="✅ 命中",IFERROR(INDEX(D28:H28,MATCH(1,ISNUMBER(MATCH(IF(D28:H28<>"",D28:H28,0),IF(I28:K28<>"",I28:K28,999999),0))*1,0)),""),"--")
A29: 25 | L29: =IF(COUNTA(D29:H29)=0,"",IF(SUMPRODUCT((ISNUMBER(MATCH(IF(D29:H29<>"",D29:H29,0),IF(I29:K29<>"",I29:K29,999999),0)))*1)>0,"✅ 命中","❌")) | M29: =IF(L29="✅ 命中",IFERROR(INDEX(D29:H29,MATCH(1,ISNUMBER(MATCH(IF(D29:H29<>"",D29:H29,0),IF(I29:K29<>"",I29:K29,999999),0))*1,0)),""),"--")
A30: 26 | L30: =IF(COUNTA(D30:H30)=0,"",IF(SUMPRODUCT((ISNUMBER(MATCH(IF(D30:H30<>"",D30:H30,0),IF(I30:K30<>"",I30:K30,999999),0)))*1)>0,"✅ 命中","❌")) | M30: =IF(L30="✅ 命中",IFERROR(INDEX(D30:H30,MATCH(1,ISNUMBER(MATCH(IF(D30:H30<>"",D30:H30,0),IF(I30:K30<>"",I30:K30,999999),0))*1,0)),""),"--")
A31: 27 | L31: =IF(COUNTA(D31:H31)=0,"",IF(SUMPRODUCT((ISNUMBER(MATCH(IF(D31:H31<>"",D31:H31,0),IF(I31:K31<>"",I31:K31,999999),0)))*1)>0,"✅ 命中","❌")) | M31: =IF(L31="✅ 命中",IFERROR(INDEX(D31:H31,MATCH(1,ISNUMBER(MATCH(IF(D31:H31<>"",D31:H31,0),IF(I31:K31<>"",I31:K31,999999),0))*1,0)),""),"--")
A32: 28 | L32: =IF(COUNTA(D32:H32)=0,"",IF(SUMPRODUCT((ISNUMBER(MATCH(IF(D32:H32<>"",D32:H32,0),IF(I32:K32<>"",I32:K32,999999),0)))*1)>0,"✅ 命中","❌")) | M32: =IF(L32="✅ 命中",IFERROR(INDEX(D32:H32,MATCH(1,ISNUMBER(MATCH(IF(D32:H32<>"",D32:H32,0),IF(I32:K32<>"",I32:K32,999999),0))*1,0)),""),"--")
A33: 29 | L33: =IF(COUNTA(D33:H33)=0,"",IF(SUMPRODUCT((ISNUMBER(MATCH(IF(D33:H33<>"",D33:H33,0),IF(I33:K33<>"",I33:K33,999999),0)))*1)>0,"✅ 命中","❌")) | M33: =IF(L33="✅ 命中",IFERROR(INDEX(D33:H33,MATCH(1,ISNUMBER(MATCH(IF(D33:H33<>"",D33:H33,0),IF(I33:K33<>"",I33:K33,999999),0))*1,0)),""),"--")
A34: 30 | L34: =IF(COUNTA(D34:H34)=0,"",IF(SUMPRODUCT((ISNUMBER(MATCH(IF(D34:H34<>"",D34:H34,0),IF(I34:K34<>"",I34:K34,999999),0)))*1)>0,"✅ 命中","❌")) | M34: =IF(L34="✅ 命中",IFERROR(INDEX(D34:H34,MATCH(1,ISNUMBER(MATCH(IF(D34:H34<>"",D34:H34,0),IF(I34:K34<>"",I34:K34,999999),0))*1,0)),""),"--")
A35: 31 | L35: =IF(COUNTA(D35:H35)=0,"",IF(SUMPRODUCT((ISNUMBER(MATCH(IF(D35:H35<>"",D35:H35,0),IF(I35:K35<>"",I35:K35,999999),0)))*1)>0,"✅ 命中","❌")) | M35: =IF(L35="✅ 命中",IFERROR(INDEX(D35:H35,MATCH(1,ISNUMBER(MATCH(IF(D35:H35<>"",D35:H35,0),IF(I35:K35<>"",I35:K35,999999),0))*1,0)),""),"--")
A36: 32 | L36: =IF(COUNTA(D36:H36)=0,"",IF(SUMPRODUCT((ISNUMBER(MATCH(IF(D36:H36<>"",D36:H36,0),IF(I36:K36<>"",I36:K36,999999),0)))*1)>0,"✅ 命中","❌")) | M36: =IF(L36="✅ 命中",IFERROR(INDEX(D36:H36,MATCH(1,ISNUMBER(MATCH(IF(D36:H36<>"",D36:H36,0),IF(I36:K36<>"",I36:K36,999999),0))*1,0)),""),"--")
... A104: 100 | L104: =IF(COUNTA(D104:H104)=0,"",IF(SUMPRODUCT((ISNUMBER(MATCH(IF(D104:H104<>"",D104:H104,0),IF(I104:K104<>"",I104:K104,999999),0)))*1)>0,"✅ 命中","❌")) | M104: =IF(L104="✅ 命中",IFERROR(INDEX(D104:H104,MATCH(1,ISNUMBER(MATCH(IF(D104:H104<>"",D104:H104,0),IF(I104:K104<>"",I104:K104,999999),0))*1,0)),""),"--")

Sheet 🔬 方法验证
A2: 🔬 方法验证表 — 哪个方法真的有效？
A3: 数据自动从「命中追踪」表读取 · 不需手动更新
A5: # | B5: 方法名称 | C5: 使用次数 | D5: 命中次数 | E5: 命中率 | F5: 评分 | G5: 建议
A6: 1 | B6: 数根链 | C6: =COUNTIF('📌 命中追踪'!N5:N104,"数根链") | D6: =COUNTIFS('📌 命中追踪'!N5:N104,"数根链",'📌 命中追踪'!L5:L104,"✅ 命中") | E6: =IFERROR(D6/C6,0) | F6: =IFERROR(IF(C6<3,"样本不足",IF(E6>=0.3,"★★★ 优秀",IF(E6>=0.2,"★★ 良好",IF(E6>=0.1,"★ 普通","✗ 效果差")))),"—") | G6: =IFERROR(IF(C6<3,"需更多数据",IF(E6>=0.3,"继续使用",IF(E6>=0.15,"保持观察",IF(E6<0.08,"考虑停用","维持现状")))),"—")
A7: 2 | B7: 配对分析 | C7: =COUNTIF('📌 命中追踪'!N5:N104,"配对分析") | D7: =COUNTIFS('📌 命中追踪'!N5:N104,"配对分析",'📌 命中追踪'!L5:L104,"✅ 命中") | E7: =IFERROR(D7/C7,0) | F7: =IFERROR(IF(C7<3,"样本不足",IF(E7>=0.3,"★★★ 优秀",IF(E7>=0.2,"★★ 良好",IF(E7>=0.1,"★ 普通","✗ 效果差")))),"—") | G7: =IFERROR(IF(C7<3,"需更多数据",IF(E7>=0.3,"继续使用",IF(E7>=0.15,"保持观察",IF(E7<0.08,"考虑停用","维持现状")))),"—")
A8: 3 | B8: 冷热库 | C8: =COUNTIF('📌 命中追踪'!N5:N104,"冷热库") | D8: =COUNTIFS('📌 命中追踪'!N5:N104,"冷热库",'📌 命中追踪'!L5:L104,"✅ 命中") | E8: =IFERROR(D8/C8,0) | F8: =IFERROR(IF(C8<3,"样本不足",IF(E8>=0.3,"★★★ 优秀",IF(E8>=0.2,"★★ 良好",IF(E8>=0.1,"★ 普通","✗ 效果差")))),"—") | G8: =IFERROR(IF(C8<3,"需更多数据",IF(E8>=0.3,"继续使用",IF(E8>=0.15,"保持观察",IF(E8<0.08,"考虑停用","维持现状")))),"—")
A9: 4 | B9: 四步向导 | C9: =COUNTIF('📌 命中追踪'!N5:N104,"四步向导") | D9: =COUNTIFS('📌 命中追踪'!N5:N104,"四步向导",'📌 命中追踪'!L5:L104,"✅ 命中") | E9: =IFERROR(D9/C9,0) | F9: =IFERROR(IF(C9<3,"样本不足",IF(E9>=0.3,"★★★ 优秀",IF(E9>=0.2,"★★ 良好",IF(E9>=0.1,"★ 普通","✗ 效果差")))),"—") | G9: =IFERROR(IF(C9<3,"需更多数据",IF(E9>=0.3,"继续使用",IF(E9>=0.15,"保持观察",IF(E9<0.08,"考虑停用","维持现状")))),"—")
A10: 5 | B10: 工作台 | C10: =COUNTIF('📌 命中追踪'!N5:N104,"工作台") | D10: =COUNTIFS('📌 命中追踪'!N5:N104,"工作台",'📌 命中追踪'!L5:L104,"✅ 命中") | E10: =IFERROR(D10/C10,0) | F10: =IFERROR(IF(C10<3,"样本不足",IF(E10>=0.3,"★★★ 优秀",IF(E10>=0.2,"★★ 良好",IF(E10>=0.1,"★ 普通","✗ 效果差")))),"—") | G10: =IFERROR(IF(C10<3,"需更多数据",IF(E10>=0.3,"继续使用",IF(E10>=0.15,"保持观察",IF(E10<0.08,"考虑停用","维持现状")))),"—")
A11: 6 | B11: 点数区间 | C11: =COUNTIF('📌 命中追踪'!N5:N104,"点数区间") | D11: =COUNTIFS('📌 命中追踪'!N5:N104,"点数区间",'📌 命中追踪'!L5:L104,"✅ 命中") | E11: =IFERROR(D11/C11,0) | F11: =IFERROR(IF(C11<3,"样本不足",IF(E11>=0.3,"★★★ 优秀",IF(E11>=0.2,"★★ 良好",IF(E11>=0.1,"★ 普通","✗ 效果差")))),"—") | G11: =IFERROR(IF(C11<3,"需更多数据",IF(E11>=0.3,"继续使用",IF(E11>=0.15,"保持观察",IF(E11<0.08,"考虑停用","维持现状")))),"—")
A12: 7 | B12: 条件筛选 | C12: =COUNTIF('📌 命中追踪'!N5:N104,"条件筛选") | D12: =COUNTIFS('📌 命中追踪'!N5:N104,"条件筛选",'📌 命中追踪'!L5:L104,"✅ 命中") | E12: =IFERROR(D12/C12,0) | F12: =IFERROR(IF(C12<3,"样本不足",IF(E12>=0.3,"★★★ 优秀",IF(E12>=0.2,"★★ 良好",IF(E12>=0.1,"★ 普通","✗ 效果差")))),"—") | G12: =IFERROR(IF(C12<3,"需更多数据",IF(E12>=0.3,"继续使用",IF(E12>=0.15,"保持观察",IF(E12<0.08,"考虑停用","维持现状")))),"—")
A13: 8 | B13: 人工判断 | C13: =COUNTIF('📌 命中追踪'!N5:N104,"人工判断") | D13: =COUNTIFS('📌 命中追踪'!N5:N104,"人工判断",'📌 命中追踪'!L5:L104,"✅ 命中") | E13: =IFERROR(D13/C13,0) | F13: =IFERROR(IF(C13<3,"样本不足",IF(E13>=0.3,"★★★ 优秀",IF(E13>=0.2,"★★ 良好",IF(E13>=0.1,"★ 普通","✗ 效果差")))),"—") | G13: =IFERROR(IF(C13<3,"需更多数据",IF(E13>=0.3,"继续使用",IF(E13>=0.15,"保持观察",IF(E13<0.08,"考虑停用","维持现状")))),"—")
A14: 9 | B14: 其他 | C14: =COUNTIF('📌 命中追踪'!N5:N104,"其他") | D14: =COUNTIFS('📌 命中追踪'!N5:N104,"其他",'📌 命中追踪'!L5:L104,"✅ 命中") | E14: =IFERROR(D14/C14,0) | F14: =IFERROR(IF(C14<3,"样本不足",IF(E14>=0.3,"★★★ 优秀",IF(E14>=0.2,"★★ 良好",IF(E14>=0.1,"★ 普通","✗ 效果差")))),"—") | G14: =IFERROR(IF(C14<3,"需更多数据",IF(E14>=0.3,"继续使用",IF(E14>=0.15,"保持观察",IF(E14<0.08,"考虑停用","维持现状")))),"—")
B15: 全部方法合计 | C15: =SUM(C6:C14) | D15: =SUM(D6:D14) | E15: =IFERROR(D15/C15,0)
A17: 🏪 各市场命中表现
A18: # | B18: 市场 | C18: 使用次数 | D18: 命中次数 | E18: 命中率 | F18: 最近命中 | G18: 评分
A19: 1 | B19: 万能 | C19: =COUNTIF('📌 命中追踪'!C5:C104,"万能") | D19: =COUNTIFS('📌 命中追踪'!C5:C104,"万能",'📌 命中追踪'!L5:L104,"✅ 命中") | E19: =IFERROR(D19/C19,0) | F19: =IFERROR(_xlfn.MAXIFS('📌 命中追踪'!B5:B104,'📌 命中追踪'!C5:C104,"万能",'📌 命中追踪'!L5:L104,"✅ 命中"),"—") | G19: =IFERROR(IF(C19<3,"样本不足",IF(E19>=0.3,"★★★",IF(E19>=0.2,"★★",IF(E19>=0.1,"★","✗")))),"—")
A20: 2 | B20: 跑马 | C20: =COUNTIF('📌 命中追踪'!C5:C104,"跑马") | D20: =COUNTIFS('📌 命中追踪'!C5:C104,"跑马",'📌 命中追踪'!L5:L104,"✅ 命中") | E20: =IFERROR(D20/C20,0) | F20: =IFERROR(_xlfn.MAXIFS('📌 命中追踪'!B5:B104,'📌 命中追踪'!C5:C104,"跑马",'📌 命中追踪'!L5:L104,"✅ 命中"),"—") | G20: =IFERROR(IF(C20<3,"样本不足",IF(E20>=0.3,"★★★",IF(E20>=0.2,"★★",IF(E20>=0.1,"★","✗")))),"—")
A21: 3 | B21: 多多 | C21: =COUNTIF('📌 命中追踪'!C5:C104,"多多") | D21: =COUNTIFS('📌 命中追踪'!C5:C104,"多多",'📌 命中追踪'!L5:L104,"✅ 命中") | E21: =IFERROR(D21/C21,0) | F21: =IFERROR(_xlfn.MAXIFS('📌 命中追踪'!B5:B104,'📌 命中追踪'!C5:C104,"多多",'📌 命中追踪'!L5:L104,"✅ 命中"),"—") | G21: =IFERROR(IF(C21<3,"样本不足",IF(E21>=0.3,"★★★",IF(E21>=0.2,"★★",IF(E21>=0.1,"★","✗")))),"—")
A22: 4 | B22: 新加坡 | C22: =COUNTIF('📌 命中追踪'!C5:C104,"新加坡") | D22: =COUNTIFS('📌 命中追踪'!C5:C104,"新加坡",'📌 命中追踪'!L5:L104,"✅ 命中") | E22: =IFERROR(D22/C22,0) | F22: =IFERROR(_xlfn.MAXIFS('📌 命中追踪'!B5:B104,'📌 命中追踪'!C5:C104,"新加坡",'📌 命中追踪'!L5:L104,"✅ 命中"),"—") | G22: =IFERROR(IF(C22<3,"样本不足",IF(E22>=0.3,"★★★",IF(E22>=0.2,"★★",IF(E22>=0.1,"★","✗")))),"—")
A23: 5 | B23: 豪龙 | C23: =COUNTIF('📌 命中追踪'!C5:C104,"豪龙") | D23: =COUNTIFS('📌 命中追踪'!C5:C104,"豪龙",'📌 命中追踪'!L5:L104,"✅ 命中") | E23: =IFERROR(D23/C23,0) | F23: =IFERROR(_xlfn.MAXIFS('📌 命中追踪'!B5:B104,'📌 命中追踪'!C5:C104,"豪龙",'📌 命中追踪'!L5:L104,"✅ 命中"),"—") | G23: =IFERROR(IF(C23<3,"样本不足",IF(E23>=0.3,"★★★",IF(E23>=0.2,"★★",IF(E23>=0.1,"★","✗")))),"—")

Sheet 📊 月度总结
A2: 📊 月度总结 — 每月命中率追踪
A3: 请在B列手动填入月份（格式：2026-01），其余列自动计算
A5: # | B5: 月份 | C5: 总期数 | D5: 有记录 | E5: 命中次数 | F5: 命中率 | G5: 最佳方法 | H5: 趋势
A6: 1 | C6: =IF(B6="","",SUMPRODUCT((TEXT('📌 命中追踪'!B5:B104,"YYYY-MM")=TEXT(B6,"YYYY-MM"))*1)) | D6: =IF(B6="","",SUMPRODUCT((TEXT('📌 命中追踪'!B5:B104,"YYYY-MM")=TEXT(B6,"YYYY-MM"))*('📌 命中追踪'!L5:L104<>""))) | E6: =IF(B6="","",SUMPRODUCT((TEXT('📌 命中追踪'!B5:B104,"YYYY-MM")=TEXT(B6,"YYYY-MM"))*('📌 命中追踪'!L5:L104="✅ 命中"))) | F6: =IFERROR(E6/D6,"") | G6: =IF(B6="","",LET(mon,TEXT(B6,"YYYY-MM"),names,{"数根链","配对分析","冷热库","四步向导","工作台","点数区间","条件筛选","人工判断","其他"},base,(TEXT('📌 命中追踪'!B:B04,"YYYY-MM")=mon)*('📌 命中追踪'!L:L04="✅ 命中"),mtx,--( '📌 命中追踪'!N:N04=names),counts,MMULT(TRANSPOSE(base*1),mtx),IF(MAX(counts)=0,"—",INDEX(names,MATCH(MAX(counts),counts,0))))) | H6: =IF(OR(B6="",F6=""),"",IF(ROW()=6,"—",IF(F5="","—",IF(F6>F5,"📈 上升",IF(F6<F5,"📉 下降","➡ 持平")))))
A7: 2 | C7: =IF(B7="","",SUMPRODUCT((TEXT('📌 命中追踪'!B5:B104,"YYYY-MM")=TEXT(B7,"YYYY-MM"))*1)) | D7: =IF(B7="","",SUMPRODUCT((TEXT('📌 命中追踪'!B5:B104,"YYYY-MM")=TEXT(B7,"YYYY-MM"))*('📌 命中追踪'!L5:L104<>""))) | E7: =IF(B7="","",SUMPRODUCT((TEXT('📌 命中追踪'!B5:B104,"YYYY-MM")=TEXT(B7,"YYYY-MM"))*('📌 命中追踪'!L5:L104="✅ 命中"))) | F7: =IFERROR(E7/D7,"") | G7: =IF(B7="","",LET(mon,TEXT(B7,"YYYY-MM"),names,{"数根链","配对分析","冷热库","四步向导","工作台","点数区间","条件筛选","人工判断","其他"},base,(TEXT('📌 命中追踪'!B:B04,"YYYY-MM")=mon)*('📌 命中追踪'!L:L04="✅ 命中"),mtx,--( '📌 命中追踪'!N:N04=names),counts,MMULT(TRANSPOSE(base*1),mtx),IF(MAX(counts)=0,"—",INDEX(names,MATCH(MAX(counts),counts,0))))) | H7: =IF(OR(B7="",F7=""),"",IF(ROW()=6,"—",IF(F6="","—",IF(F7>F6,"📈 上升",IF(F7<F6,"📉 下降","➡ 持平")))))
A8: 3 | C8: =IF(B8="","",SUMPRODUCT((TEXT('📌 命中追踪'!B5:B104,"YYYY-MM")=TEXT(B8,"YYYY-MM"))*1)) | D8: =IF(B8="","",SUMPRODUCT((TEXT('📌 命中追踪'!B5:B104,"YYYY-MM")=TEXT(B8,"YYYY-MM"))*('📌 命中追踪'!L5:L104<>""))) | E8: =IF(B8="","",SUMPRODUCT((TEXT('📌 命中追踪'!B5:B104,"YYYY-MM")=TEXT(B8,"YYYY-MM"))*('📌 命中追踪'!L5:L104="✅ 命中"))) | F8: =IFERROR(E8/D8,"") | G8: =IF(B8="","",LET(mon,TEXT(B8,"YYYY-MM"),names,{"数根链","配对分析","冷热库","四步向导","工作台","点数区间","条件筛选","人工判断","其他"},base,(TEXT('📌 命中追踪'!B:B04,"YYYY-MM")=mon)*('📌 命中追踪'!L:L04="✅ 命中"),mtx,--( '📌 命中追踪'!N:N04=names),counts,MMULT(TRANSPOSE(base*1),mtx),IF(MAX(counts)=0,"—",INDEX(names,MATCH(MAX(counts),counts,0))))) | H8: =IF(OR(B8="",F8=""),"",IF(ROW()=6,"—",IF(F7="","—",IF(F8>F7,"📈 上升",IF(F8<F7,"📉 下降","➡ 持平")))))
A9: 4 | C9: =IF(B9="","",SUMPRODUCT((TEXT('📌 命中追踪'!B5:B104,"YYYY-MM")=TEXT(B9,"YYYY-MM"))*1)) | D9: =IF(B9="","",SUMPRODUCT((TEXT('📌 命中追踪'!B5:B104,"YYYY-MM")=TEXT(B9,"YYYY-MM"))*('📌 命中追踪'!L5:L104<>""))) | E9: =IF(B9="","",SUMPRODUCT((TEXT('📌 命中追踪'!B5:B104,"YYYY-MM")=TEXT(B9,"YYYY-MM"))*('📌 命中追踪'!L5:L104="✅ 命中"))) | F9: =IFERROR(E9/D9,"") | G9: =IF(B9="","",LET(mon,TEXT(B9,"YYYY-MM"),names,{"数根链","配对分析","冷热库","四步向导","工作台","点数区间","条件筛选","人工判断","其他"},base,(TEXT('📌 命中追踪'!B:B04,"YYYY-MM")=mon)*('📌 命中追踪'!L:L04="✅ 命中"),mtx,--( '📌 命中追踪'!N:N04=names),counts,MMULT(TRANSPOSE(base*1),mtx),IF(MAX(counts)=0,"—",INDEX(names,MATCH(MAX(counts),counts,0))))) | H9: =IF(OR(B9="",F9=""),"",IF(ROW()=6,"—",IF(F8="","—",IF(F9>F8,"📈 上升",IF(F9<F8,"📉 下降","➡ 持平")))))
A10: 5 | C10: =IF(B10="","",SUMPRODUCT((TEXT('📌 命中追踪'!B5:B104,"YYYY-MM")=TEXT(B10,"YYYY-MM"))*1)) | D10: =IF(B10="","",SUMPRODUCT((TEXT('📌 命中追踪'!B5:B104,"YYYY-MM")=TEXT(B10,"YYYY-MM"))*('📌 命中追踪'!L5:L104<>""))) | E10: =IF(B10="","",SUMPRODUCT((TEXT('📌 命中追踪'!B5:B104,"YYYY-MM")=TEXT(B10,"YYYY-MM"))*('📌 命中追踪'!L5:L104="✅ 命中"))) | F10: =IFERROR(E10/D10,"") | G10: =IF(B10="","",LET(mon,TEXT(B10,"YYYY-MM"),names,{"数根链","配对分析","冷热库","四步向导","工作台","点数区间","条件筛选","人工判断","其他"},base,(TEXT('📌 命中追踪'!B:B04,"YYYY-MM")=mon)*('📌 命中追踪'!L:L04="✅ 命中"),mtx,--( '📌 命中追踪'!N:N04=names),counts,MMULT(TRANSPOSE(base*1),mtx),IF(MAX(counts)=0,"—",INDEX(names,MATCH(MAX(counts),counts,0))))) | H10: =IF(OR(B10="",F10=""),"",IF(ROW()=6,"—",IF(F9="","—",IF(F10>F9,"📈 上升",IF(F10<F9,"📉 下降","➡ 持平")))))
A11: 6 | C11: =IF(B11="","",SUMPRODUCT((TEXT('📌 命中追踪'!B5:B104,"YYYY-MM")=TEXT(B11,"YYYY-MM"))*1)) | D11: =IF(B11="","",SUMPRODUCT((TEXT('📌 命中追踪'!B5:B104,"YYYY-MM")=TEXT(B11,"YYYY-MM"))*('📌 命中追踪'!L5:L104<>""))) | E11: =IF(B11="","",SUMPRODUCT((TEXT('📌 命中追踪'!B5:B104,"YYYY-MM")=TEXT(B11,"YYYY-MM"))*('📌 命中追踪'!L5:L104="✅ 命中"))) | F11: =IFERROR(E11/D11,"") | G11: =IF(B11="","",LET(mon,TEXT(B11,"YYYY-MM"),names,{"数根链","配对分析","冷热库","四步向导","工作台","点数区间","条件筛选","人工判断","其他"},base,(TEXT('📌 命中追踪'!B:B04,"YYYY-MM")=mon)*('📌 命中追踪'!L:L04="✅ 命中"),mtx,--( '📌 命中追踪'!N:N04=names),counts,MMULT(TRANSPOSE(base*1),mtx),IF(MAX(counts)=0,"—",INDEX(names,MATCH(MAX(counts),counts,0))))) | H11: =IF(OR(B11="",F11=""),"",IF(ROW()=6,"—",IF(F10="","—",IF(F11>F10,"📈 上升",IF(F11<F10,"📉 下降","➡ 持平")))))
A12: 7 | C12: =IF(B12="","",SUMPRODUCT((TEXT('📌 命中追踪'!B5:B104,"YYYY-MM")=TEXT(B12,"YYYY-MM"))*1)) | D12: =IF(B12="","",SUMPRODUCT((TEXT('📌 命中追踪'!B5:B104,"YYYY-MM")=TEXT(B12,"YYYY-MM"))*('📌 命中追踪'!L5:L104<>""))) | E12: =IF(B12="","",SUMPRODUCT((TEXT('📌 命中追踪'!B5:B104,"YYYY-MM")=TEXT(B12,"YYYY-MM"))*('📌 命中追踪'!L5:L104="✅ 命中"))) | F12: =IFERROR(E12/D12,"") | G12: =IF(B12="","",LET(mon,TEXT(B12,"YYYY-MM"),names,{"数根链","配对分析","冷热库","四步向导","工作台","点数区间","条件筛选","人工判断","其他"},base,(TEXT('📌 命中追踪'!B:B04,"YYYY-MM")=mon)*('📌 命中追踪'!L:L04="✅ 命中"),mtx,--( '📌 命中追踪'!N:N04=names),counts,MMULT(TRANSPOSE(base*1),mtx),IF(MAX(counts)=0,"—",INDEX(names,MATCH(MAX(counts),counts,0))))) | H12: =IF(OR(B12="",F12=""),"",IF(ROW()=6,"—",IF(F11="","—",IF(F12>F11,"📈 上升",IF(F12<F11,"📉 下降","➡ 持平")))))
A13: 8 | C13: =IF(B13="","",SUMPRODUCT((TEXT('📌 命中追踪'!B5:B104,"YYYY-MM")=TEXT(B13,"YYYY-MM"))*1)) | D13: =IF(B13="","",SUMPRODUCT((TEXT('📌 命中追踪'!B5:B104,"YYYY-MM")=TEXT(B13,"YYYY-MM"))*('📌 命中追踪'!L5:L104<>""))) | E13: =IF(B13="","",SUMPRODUCT((TEXT('📌 命中追踪'!B5:B104,"YYYY-MM")=TEXT(B13,"YYYY-MM"))*('📌 命中追踪'!L5:L104="✅ 命中"))) | F13: =IFERROR(E13/D13,"") | G13: =IF(B13="","",LET(mon,TEXT(B13,"YYYY-MM"),names,{"数根链","配对分析","冷热库","四步向导","工作台","点数区间","条件筛选","人工判断","其他"},base,(TEXT('📌 命中追踪'!B:B04,"YYYY-MM")=mon)*('📌 命中追踪'!L:L04="✅ 命中"),mtx,--( '📌 命中追踪'!N:N04=names),counts,MMULT(TRANSPOSE(base*1),mtx),IF(MAX(counts)=0,"—",INDEX(names,MATCH(MAX(counts),counts,0))))) | H13: =IF(OR(B13="",F13=""),"",IF(ROW()=6,"—",IF(F12="","—",IF(F13>F12,"📈 上升",IF(F13<F12,"📉 下降","➡ 持平")))))
A14: 9 | C14: =IF(B14="","",SUMPRODUCT((TEXT('📌 命中追踪'!B5:B104,"YYYY-MM")=TEXT(B14,"YYYY-MM"))*1)) | D14: =IF(B14="","",SUMPRODUCT((TEXT('📌 命中追踪'!B5:B104,"YYYY-MM")=TEXT(B14,"YYYY-MM"))*('📌 命中追踪'!L5:L104<>""))) | E14: =IF(B14="","",SUMPRODUCT((TEXT('📌 命中追踪'!B5:B104,"YYYY-MM")=TEXT(B14,"YYYY-MM"))*('📌 命中追踪'!L5:L104="✅ 命中"))) | F14: =IFERROR(E14/D14,"") | G14: =IF(B14="","",LET(mon,TEXT(B14,"YYYY-MM"),names,{"数根链","配对分析","冷热库","四步向导","工作台","点数区间","条件筛选","人工判断","其他"},base,(TEXT('📌 命中追踪'!B:B04,"YYYY-MM")=mon)*('📌 命中追踪'!L:L04="✅ 命中"),mtx,--( '📌 命中追踪'!N:N04=names),counts,MMULT(TRANSPOSE(base*1),mtx),IF(MAX(counts)=0,"—",INDEX(names,MATCH(MAX(counts),counts,0))))) | H14: =IF(OR(B14="",F14=""),"",IF(ROW()=6,"—",IF(F13="","—",IF(F14>F13,"📈 上升",IF(F14<F13,"📉 下降","➡ 持平")))))
A15: 10 | C15: =IF(B15="","",SUMPRODUCT((TEXT('📌 命中追踪'!B5:B104,"YYYY-MM")=TEXT(B15,"YYYY-MM"))*1)) | D15: =IF(B15="","",SUMPRODUCT((TEXT('📌 命中追踪'!B5:B104,"YYYY-MM")=TEXT(B15,"YYYY-MM"))*('📌 命中追踪'!L5:L104<>""))) | E15: =IF(B15="","",SUMPRODUCT((TEXT('📌 命中追踪'!B5:B104,"YYYY-MM")=TEXT(B15,"YYYY-MM"))*('📌 命中追踪'!L5:L104="✅ 命中"))) | F15: =IFERROR(E15/D15,"") | G15: =IF(B15="","",LET(mon,TEXT(B15,"YYYY-MM"),names,{"数根链","配对分析","冷热库","四步向导","工作台","点数区间","条件筛选","人工判断","其他"},base,(TEXT('📌 命中追踪'!B:B04,"YYYY-MM")=mon)*('📌 命中追踪'!L:L04="✅ 命中"),mtx,--( '📌 命中追踪'!N:N04=names),counts,MMULT(TRANSPOSE(base*1),mtx),IF(MAX(counts)=0,"—",INDEX(names,MATCH(MAX(counts),counts,0))))) | H15: =IF(OR(B15="",F15=""),"",IF(ROW()=6,"—",IF(F14="","—",IF(F15>F14,"📈 上升",IF(F15<F14,"📉 下降","➡ 持平")))))
A16: 11 | C16: =IF(B16="","",SUMPRODUCT((TEXT('📌 命中追踪'!B5:B104,"YYYY-MM")=TEXT(B16,"YYYY-MM"))*1)) | D16: =IF(B16="","",SUMPRODUCT((TEXT('📌 命中追踪'!B5:B104,"YYYY-MM")=TEXT(B16,"YYYY-MM"))*('📌 命中追踪'!L5:L104<>""))) | E16: =IF(B16="","",SUMPRODUCT((TEXT('📌 命中追踪'!B5:B104,"YYYY-MM")=TEXT(B16,"YYYY-MM"))*('📌 命中追踪'!L5:L104="✅ 命中"))) | F16: =IFERROR(E16/D16,"") | G16: =IF(B16="","",LET(mon,TEXT(B16,"YYYY-MM"),names,{"数根链","配对分析","冷热库","四步向导","工作台","点数区间","条件筛选","人工判断","其他"},base,(TEXT('📌 命中追踪'!B:B04,"YYYY-MM")=mon)*('📌 命中追踪'!L:L04="✅ 命中"),mtx,--( '📌 命中追踪'!N:N04=names),counts,MMULT(TRANSPOSE(base*1),mtx),IF(MAX(counts)=0,"—",INDEX(names,MATCH(MAX(counts),counts,0))))) | H16: =IF(OR(B16="",F16=""),"",IF(ROW()=6,"—",IF(F15="","—",IF(F16>F15,"📈 上升",IF(F16<F15,"📉 下降","➡ 持平")))))
A17: 12 | C17: =IF(B17="","",SUMPRODUCT((TEXT('📌 命中追踪'!B5:B104,"YYYY-MM")=TEXT(B17,"YYYY-MM"))*1)) | D17: =IF(B17="","",SUMPRODUCT((TEXT('📌 命中追踪'!B5:B104,"YYYY-MM")=TEXT(B17,"YYYY-MM"))*('📌 命中追踪'!L5:L104<>""))) | E17: =IF(B17="","",SUMPRODUCT((TEXT('📌 命中追踪'!B5:B104,"YYYY-MM")=TEXT(B17,"YYYY-MM"))*('📌 命中追踪'!L5:L104="✅ 命中"))) | F17: =IFERROR(E17/D17,"") | G17: =IF(B17="","",LET(mon,TEXT(B17,"YYYY-MM"),names,{"数根链","配对分析","冷热库","四步向导","工作台","点数区间","条件筛选","人工判断","其他"},base,(TEXT('📌 命中追踪'!B:B04,"YYYY-MM")=mon)*('📌 命中追踪'!L:L04="✅ 命中"),mtx,--( '📌 命中追踪'!N:N04=names),counts,MMULT(TRANSPOSE(base*1),mtx),IF(MAX(counts)=0,"—",INDEX(names,MATCH(MAX(counts),counts,0))))) | H17: =IF(OR(B17="",F17=""),"",IF(ROW()=6,"—",IF(F16="","—",IF(F17>F16,"📈 上升",IF(F17<F16,"📉 下降","➡ 持平")))))
A18: 13 | C18: =IF(B18="","",SUMPRODUCT((TEXT('📌 命中追踪'!B5:B104,"YYYY-MM")=TEXT(B18,"YYYY-MM"))*1)) | D18: =IF(B18="","",SUMPRODUCT((TEXT('📌 命中追踪'!B5:B104,"YYYY-MM")=TEXT(B18,"YYYY-MM"))*('📌 命中追踪'!L5:L104<>""))) | E18: =IF(B18="","",SUMPRODUCT((TEXT('📌 命中追踪'!B5:B104,"YYYY-MM")=TEXT(B18,"YYYY-MM"))*('📌 命中追踪'!L5:L104="✅ 命中"))) | F18: =IFERROR(E18/D18,"") | G18: =IF(B18="","",LET(mon,TEXT(B18,"YYYY-MM"),names,{"数根链","配对分析","冷热库","四步向导","工作台","点数区间","条件筛选","人工判断","其他"},base,(TEXT('📌 命中追踪'!B:B04,"YYYY-MM")=mon)*('📌 命中追踪'!L:L04="✅ 命中"),mtx,--( '📌 命中追踪'!N:N04=names),counts,MMULT(TRANSPOSE(base*1),mtx),IF(MAX(counts)=0,"—",INDEX(names,MATCH(MAX(counts),counts,0))))) | H18: =IF(OR(B18="",F18=""),"",IF(ROW()=6,"—",IF(F17="","—",IF(F18>F17,"📈 上升",IF(F18<F17,"📉 下降","➡ 持平")))))
A19: 14 | C19: =IF(B19="","",SUMPRODUCT((TEXT('📌 命中追踪'!B5:B104,"YYYY-MM")=TEXT(B19,"YYYY-MM"))*1)) | D19: =IF(B19="","",SUMPRODUCT((TEXT('📌 命中追踪'!B5:B104,"YYYY-MM")=TEXT(B19,"YYYY-MM"))*('📌 命中追踪'!L5:L104<>""))) | E19: =IF(B19="","",SUMPRODUCT((TEXT('📌 命中追踪'!B5:B104,"YYYY-MM")=TEXT(B19,"YYYY-MM"))*('📌 命中追踪'!L5:L104="✅ 命中"))) | F19: =IFERROR(E19/D19,"") | G19: =IF(B19="","",LET(mon,TEXT(B19,"YYYY-MM"),names,{"数根链","配对分析","冷热库","四步向导","工作台","点数区间","条件筛选","人工判断","其他"},base,(TEXT('📌 命中追踪'!B:B04,"YYYY-MM")=mon)*('📌 命中追踪'!L:L04="✅ 命中"),mtx,--( '📌 命中追踪'!N:N04=names),counts,MMULT(TRANSPOSE(base*1),mtx),IF(MAX(counts)=0,"—",INDEX(names,MATCH(MAX(counts),counts,0))))) | H19: =IF(OR(B19="",F19=""),"",IF(ROW()=6,"—",IF(F18="","—",IF(F19>F18,"📈 上升",IF(F19<F18,"📉 下降","➡ 持平")))))
A20: 15 | C20: =IF(B20="","",SUMPRODUCT((TEXT('📌 命中追踪'!B5:B104,"YYYY-MM")=TEXT(B20,"YYYY-MM"))*1)) | D20: =IF(B20="","",SUMPRODUCT((TEXT('📌 命中追踪'!B5:B104,"YYYY-MM")=TEXT(B20,"YYYY-MM"))*('📌 命中追踪'!L5:L104<>""))) | E20: =IF(B20="","",SUMPRODUCT((TEXT('📌 命中追踪'!B5:B104,"YYYY-MM")=TEXT(B20,"YYYY-MM"))*('📌 命中追踪'!L5:L104="✅ 命中"))) | F20: =IFERROR(E20/D20,"") | G20: =IF(B20="","",LET(mon,TEXT(B20,"YYYY-MM"),names,{"数根链","配对分析","冷热库","四步向导","工作台","点数区间","条件筛选","人工判断","其他"},base,(TEXT('📌 命中追踪'!B:B04,"YYYY-MM")=mon)*('📌 命中追踪'!L:L04="✅ 命中"),mtx,--( '📌 命中追踪'!N:N04=names),counts,MMULT(TRANSPOSE(base*1),mtx),IF(MAX(counts)=0,"—",INDEX(names,MATCH(MAX(counts),counts,0))))) | H20: =IF(OR(B20="",F20=""),"",IF(ROW()=6,"—",IF(F19="","—",IF(F20>F19,"📈 上升",IF(F20<F19,"📉 下降","➡ 持平")))))
A21: 16 | C21: =IF(B21="","",SUMPRODUCT((TEXT('📌 命中追踪'!B5:B104,"YYYY-MM")=TEXT(B21,"YYYY-MM"))*1)) | D21: =IF(B21="","",SUMPRODUCT((TEXT('📌 命中追踪'!B5:B104,"YYYY-MM")=TEXT(B21,"YYYY-MM"))*('📌 命中追踪'!L5:L104<>""))) | E21: =IF(B21="","",SUMPRODUCT((TEXT('📌 命中追踪'!B5:B104,"YYYY-MM")=TEXT(B21,"YYYY-MM"))*('📌 命中追踪'!L5:L104="✅ 命中"))) | F21: =IFERROR(E21/D21,"") | G21: =IF(B21="","",LET(mon,TEXT(B21,"YYYY-MM"),names,{"数根链","配对分析","冷热库","四步向导","工作台","点数区间","条件筛选","人工判断","其他"},base,(TEXT('📌 命中追踪'!B:B04,"YYYY-MM")=mon)*('📌 命中追踪'!L:L04="✅ 命中"),mtx,--( '📌 命中追踪'!N:N04=names),counts,MMULT(TRANSPOSE(base*1),mtx),IF(MAX(counts)=0,"—",INDEX(names,MATCH(MAX(counts),counts,0))))) | H21: =IF(OR(B21="",F21=""),"",IF(ROW()=6,"—",IF(F20="","—",IF(F21>F20,"📈 上升",IF(F21<F20,"📉 下降","➡ 持平")))))
A22: 17 | C22: =IF(B22="","",SUMPRODUCT((TEXT('📌 命中追踪'!B5:B104,"YYYY-MM")=TEXT(B22,"YYYY-MM"))*1)) | D22: =IF(B22="","",SUMPRODUCT((TEXT('📌 命中追踪'!B5:B104,"YYYY-MM")=TEXT(B22,"YYYY-MM"))*('📌 命中追踪'!L5:L104<>""))) | E22: =IF(B22="","",SUMPRODUCT((TEXT('📌 命中追踪'!B5:B104,"YYYY-MM")=TEXT(B22,"YYYY-MM"))*('📌 命中追踪'!L5:L104="✅ 命中"))) | F22: =IFERROR(E22/D22,"") | G22: =IF(B22="","",LET(mon,TEXT(B22,"YYYY-MM"),names,{"数根链","配对分析","冷热库","四步向导","工作台","点数区间","条件筛选","人工判断","其他"},base,(TEXT('📌 命中追踪'!B:B04,"YYYY-MM")=mon)*('📌 命中追踪'!L:L04="✅ 命中"),mtx,--( '📌 命中追踪'!N:N04=names),counts,MMULT(TRANSPOSE(base*1),mtx),IF(MAX(counts)=0,"—",INDEX(names,MATCH(MAX(counts),counts,0))))) | H22: =IF(OR(B22="",F22=""),"",IF(ROW()=6,"—",IF(F21="","—",IF(F22>F21,"📈 上升",IF(F22<F21,"📉 下降","➡ 持平")))))
A23: 18 | C23: =IF(B23="","",SUMPRODUCT((TEXT('📌 命中追踪'!B5:B104,"YYYY-MM")=TEXT(B23,"YYYY-MM"))*1)) | D23: =IF(B23="","",SUMPRODUCT((TEXT('📌 命中追踪'!B5:B104,"YYYY-MM")=TEXT(B23,"YYYY-MM"))*('📌 命中追踪'!L5:L104<>""))) | E23: =IF(B23="","",SUMPRODUCT((TEXT('📌 命中追踪'!B5:B104,"YYYY-MM")=TEXT(B23,"YYYY-MM"))*('📌 命中追踪'!L5:L104="✅ 命中"))) | F23: =IFERROR(E23/D23,"") | G23: =IF(B23="","",LET(mon,TEXT(B23,"YYYY-MM"),names,{"数根链","配对分析","冷热库","四步向导","工作台","点数区间","条件筛选","人工判断","其他"},base,(TEXT('📌 命中追踪'!B:B04,"YYYY-MM")=mon)*('📌 命中追踪'!L:L04="✅ 命中"),mtx,--( '📌 命中追踪'!N:N04=names),counts,MMULT(TRANSPOSE(base*1),mtx),IF(MAX(counts)=0,"—",INDEX(names,MATCH(MAX(counts),counts,0))))) | H23: =IF(OR(B23="",F23=""),"",IF(ROW()=6,"—",IF(F22="","—",IF(F23>F22,"📈 上升",IF(F23<F22,"📉 下降","➡ 持平")))))
A24: 19 | C24: =IF(B24="","",SUMPRODUCT((TEXT('📌 命中追踪'!B5:B104,"YYYY-MM")=TEXT(B24,"YYYY-MM"))*1)) | D24: =IF(B24="","",SUMPRODUCT((TEXT('📌 命中追踪'!B5:B104,"YYYY-MM")=TEXT(B24,"YYYY-MM"))*('📌 命中追踪'!L5:L104<>""))) | E24: =IF(B24="","",SUMPRODUCT((TEXT('📌 命中追踪'!B5:B104,"YYYY-MM")=TEXT(B24,"YYYY-MM"))*('📌 命中追踪'!L5:L104="✅ 命中"))) | F24: =IFERROR(E24/D24,"") | G24: =IF(B24="","",LET(mon,TEXT(B24,"YYYY-MM"),names,{"数根链","配对分析","冷热库","四步向导","工作台","点数区间","条件筛选","人工判断","其他"},base,(TEXT('📌 命中追踪'!B:B04,"YYYY-MM")=mon)*('📌 命中追踪'!L:L04="✅ 命中"),mtx,--( '📌 命中追踪'!N:N04=names),counts,MMULT(TRANSPOSE(base*1),mtx),IF(MAX(counts)=0,"—",INDEX(names,MATCH(MAX(counts),counts,0))))) | H24: =IF(OR(B24="",F24=""),"",IF(ROW()=6,"—",IF(F23="","—",IF(F24>F23,"📈 上升",IF(F24<F23,"📉 下降","➡ 持平")))))
A25: 20 | C25: =IF(B25="","",SUMPRODUCT((TEXT('📌 命中追踪'!B5:B104,"YYYY-MM")=TEXT(B25,"YYYY-MM"))*1)) | D25: =IF(B25="","",SUMPRODUCT((TEXT('📌 命中追踪'!B5:B104,"YYYY-MM")=TEXT(B25,"YYYY-MM"))*('📌 命中追踪'!L5:L104<>""))) | E25: =IF(B25="","",SUMPRODUCT((TEXT('📌 命中追踪'!B5:B104,"YYYY-MM")=TEXT(B25,"YYYY-MM"))*('📌 命中追踪'!L5:L104="✅ 命中"))) | F25: =IFERROR(E25/D25,"") | G25: =IF(B25="","",LET(mon,TEXT(B25,"YYYY-MM"),names,{"数根链","配对分析","冷热库","四步向导","工作台","点数区间","条件筛选","人工判断","其他"},base,(TEXT('📌 命中追踪'!B:B04,"YYYY-MM")=mon)*('📌 命中追踪'!L:L04="✅ 命中"),mtx,--( '📌 命中追踪'!N:N04=names),counts,MMULT(TRANSPOSE(base*1),mtx),IF(MAX(counts)=0,"—",INDEX(names,MATCH(MAX(counts),counts,0))))) | H25: =IF(OR(B25="",F25=""),"",IF(ROW()=6,"—",IF(F24="","—",IF(F25>F24,"📈 上升",IF(F25<F24,"📉 下降","➡ 持平")))))
A26: 21 | C26: =IF(B26="","",SUMPRODUCT((TEXT('📌 命中追踪'!B5:B104,"YYYY-MM")=TEXT(B26,"YYYY-MM"))*1)) | D26: =IF(B26="","",SUMPRODUCT((TEXT('📌 命中追踪'!B5:B104,"YYYY-MM")=TEXT(B26,"YYYY-MM"))*('📌 命中追踪'!L5:L104<>""))) | E26: =IF(B26="","",SUMPRODUCT((TEXT('📌 命中追踪'!B5:B104,"YYYY-MM")=TEXT(B26,"YYYY-MM"))*('📌 命中追踪'!L5:L104="✅ 命中"))) | F26: =IFERROR(E26/D26,"") | G26: =IF(B26="","",LET(mon,TEXT(B26,"YYYY-MM"),names,{"数根链","配对分析","冷热库","四步向导","工作台","点数区间","条件筛选","人工判断","其他"},base,(TEXT('📌 命中追踪'!B:B04,"YYYY-MM")=mon)*('📌 命中追踪'!L:L04="✅ 命中"),mtx,--( '📌 命中追踪'!N:N04=names),counts,MMULT(TRANSPOSE(base*1),mtx),IF(MAX(counts)=0,"—",INDEX(names,MATCH(MAX(counts),counts,0))))) | H26: =IF(OR(B26="",F26=""),"",IF(ROW()=6,"—",IF(F25="","—",IF(F26>F25,"📈 上升",IF(F26<F25,"📉 下降","➡ 持平")))))
A27: 22 | C27: =IF(B27="","",SUMPRODUCT((TEXT('📌 命中追踪'!B5:B104,"YYYY-MM")=TEXT(B27,"YYYY-MM"))*1)) | D27: =IF(B27="","",SUMPRODUCT((TEXT('📌 命中追踪'!B5:B104,"YYYY-MM")=TEXT(B27,"YYYY-MM"))*('📌 命中追踪'!L5:L104<>""))) | E27: =IF(B27="","",SUMPRODUCT((TEXT('📌 命中追踪'!B5:B104,"YYYY-MM")=TEXT(B27,"YYYY-MM"))*('📌 命中追踪'!L5:L104="✅ 命中"))) | F27: =IFERROR(E27/D27,"") | G27: =IF(B27="","",LET(mon,TEXT(B27,"YYYY-MM"),names,{"数根链","配对分析","冷热库","四步向导","工作台","点数区间","条件筛选","人工判断","其他"},base,(TEXT('📌 命中追踪'!B:B04,"YYYY-MM")=mon)*('📌 命中追踪'!L:L04="✅ 命中"),mtx,--( '📌 命中追踪'!N:N04=names),counts,MMULT(TRANSPOSE(base*1),mtx),IF(MAX(counts)=0,"—",INDEX(names,MATCH(MAX(counts),counts,0))))) | H27: =IF(OR(B27="",F27=""),"",IF(ROW()=6,"—",IF(F26="","—",IF(F27>F26,"📈 上升",IF(F27<F26,"📉 下降","➡ 持平")))))
A28: 23 | C28: =IF(B28="","",SUMPRODUCT((TEXT('📌 命中追踪'!B5:B104,"YYYY-MM")=TEXT(B28,"YYYY-MM"))*1)) | D28: =IF(B28="","",SUMPRODUCT((TEXT('📌 命中追踪'!B5:B104,"YYYY-MM")=TEXT(B28,"YYYY-MM"))*('📌 命中追踪'!L5:L104<>""))) | E28: =IF(B28="","",SUMPRODUCT((TEXT('📌 命中追踪'!B5:B104,"YYYY-MM")=TEXT(B28,"YYYY-MM"))*('📌 命中追踪'!L5:L104="✅ 命中"))) | F28: =IFERROR(E28/D28,"") | G28: =IF(B28="","",LET(mon,TEXT(B28,"YYYY-MM"),names,{"数根链","配对分析","冷热库","四步向导","工作台","点数区间","条件筛选","人工判断","其他"},base,(TEXT('📌 命中追踪'!B:B04,"YYYY-MM")=mon)*('📌 命中追踪'!L:L04="✅ 命中"),mtx,--( '📌 命中追踪'!N:N04=names),counts,MMULT(TRANSPOSE(base*1),mtx),IF(MAX(counts)=0,"—",INDEX(names,MATCH(MAX(counts),counts,0))))) | H28: =IF(OR(B28="",F28=""),"",IF(ROW()=6,"—",IF(F27="","—",IF(F28>F27,"📈 上升",IF(F28<F27,"📉 下降","➡ 持平")))))
A29: 24 | C29: =IF(B29="","",SUMPRODUCT((TEXT('📌 命中追踪'!B5:B104,"YYYY-MM")=TEXT(B29,"YYYY-MM"))*1)) | D29: =IF(B29="","",SUMPRODUCT((TEXT('📌 命中追踪'!B5:B104,"YYYY-MM")=TEXT(B29,"YYYY-MM"))*('📌 命中追踪'!L5:L104<>""))) | E29: =IF(B29="","",SUMPRODUCT((TEXT('📌 命中追踪'!B5:B104,"YYYY-MM")=TEXT(B29,"YYYY-MM"))*('📌 命中追踪'!L5:L104="✅ 命中"))) | F29: =IFERROR(E29/D29,"") | G29: =IF(B29="","",LET(mon,TEXT(B29,"YYYY-MM"),names,{"数根链","配对分析","冷热库","四步向导","工作台","点数区间","条件筛选","人工判断","其他"},base,(TEXT('📌 命中追踪'!B:B04,"YYYY-MM")=mon)*('📌 命中追踪'!L:L04="✅ 命中"),mtx,--( '📌 命中追踪'!N:N04=names),counts,MMULT(TRANSPOSE(base*1),mtx),IF(MAX(counts)=0,"—",INDEX(names,MATCH(MAX(counts),counts,0))))) | H29: =IF(OR(B29="",F29=""),"",IF(ROW()=6,"—",IF(F28="","—",IF(F29>F28,"📈 上升",IF(F29<F28,"📉 下降","➡ 持平")))))
A33: 📈 累计汇总
A34: 总记录期数 | C34: =COUNTA('📌 命中追踪'!B5:B104)
A35: 总命中次数 | C35: =COUNTIF('📌 命中追踪'!L5:L104,"✅ 命中")
A36: 总体命中率 | C36: =IFERROR(COUNTIF('📌 命中追踪'!L5:L104,"✅ 命中")/COUNTIF('📌 命中追踪'!L5:L104,"<>"),0)
A37: 最高月命中率 | C37: =IFERROR(MAX(F6:F29),0)

Sheet 💡 透视表指引
B2: 💡 透视表指引 — 用导出数据做更深分析
B4: 分析1：数根季节性（最实用）
B5: 目的 | C5: 找出哪个数根在哪几个月特别活跃
B6: 操作步骤 | C6: ① 打开导出的 Excel → 选择任一市场 Sheet
C7: ② 点击「插入」→「数据透视表」
C8: ③ 行：拖入日期列（按月分组）
C9: ④ 列：拖入后3D数根（B3 root）
C10: ⑤ 值：计数
B11: 解读方法 | C11: 某个数根在某月特别高 → 下次该月重点关注该数根
B13: 分析2：冷热周期分析
B14: 目的 | C14: 找出某个后3D数根平均多少期出现一次
B15: 操作步骤 | C15: ① 筛选 B3 root 某个值（如：3）
C16: ② 看日期列，计算相邻出现的期数差
C17: ③ 用 AVERAGE 算平均间隔
B18: 实际意义 | C18: 平均间隔是你判断「冷号应该出了」的依据
B20: 分析3：首位 + 后3D 联合频率
B21: 目的 | C21: 验证系统「配对分析」功能的历史数据
B22: 操作步骤 | C22: ① 行：后3D 数根
C23: ② 列：首位数字（号码的第1位）
C24: ③ 值：计数
B25: 解读方法 | C25: 某格子数字特别大 → 那个组合历史上频繁出现
B27: 分析4：点数区间走势
B28: 目的 | C28: 看近6个月4D点数是否有漂移趋势
B29: 操作步骤 | C29: ① 选日期列 + 4D点数列
C30: ② 插入折线图
C31: ③ 加移动平均线（右键数据系列 → 趋势线）
B33: 重要提示
B34: 导出文件列名说明 | C34: F=前2D, M=中2D, B=后2D；数字后缀1/2/3=头/二/三奖；root=数根；parity=奇偶
B35: 建议分析期数 | C35: 至少100期以上，数根分析建议200期+
B36: 颜色含义 | C36: 单元格颜色与系统页面一致：蓝=G1数根(1,4,7), 黄=G2(2,5,8), 粉=G3(3,6,9)

Sheet 🔢 位数追踪
A2: 🔢 四位追踪表 — 千位·百位·十位·个位 各自的大小·单双·连续走势 → 自动输出下期筛选条件
A3: 📥 输入 | H3: 🔷 千位 (第1位) | Q3: 🟣 百位 (第2位) | Z3: 🟢 十位 (第3位) | AI3: 🟠 个位 (第4位) | AR3: ✅ 命中验证 | AW3: 备注
A4: # | B4: 日期 | C4: 市场 | D4: 头奖 | E4: 二奖 | F4: 三奖 | H4: 头千 | I4: 二千 | J4: 三千 | K4: 大小信号 | L4: 单双信号 | M4: 连续 | N4: ⚠️预警 | O4: 下期建议 | Q4: 头百 | R4: 二百 | S4: 三百 | T4: 大小信号 | U4: 单双信号 | V4: 连续 | W4: ⚠️预警 | X4: 下期建议 | Z4: 头十 | AA4: 二十 | AB4: 三十 | AC4: 大小信号 | AD4: 单双信号 | AE4: 连续 | AF4: ⚠️预警 | AG4: 下期建议 | AI4: 头个 | AJ4: 二个 | AK4: 三个 | AL4: 大小信号 | AM4: 单双信号 | AN4: 连续 | AO4: ⚠️预警 | AP4: 下期建议 | AR4: 命中千位 | AS4: 命中百位 | AT4: 命中十位 | AU4: 命中个位 | AW4: 备注
A5: 1 | B5: 2026-05-02 | C5: 万能 | D5: 1109 | E5: 3856 | F5: 0175 | H5: =IF(D5="","",VALUE(MID(TEXT(D5,"0000"),1,1))) | I5: =IF(E5="","",VALUE(MID(TEXT(E5,"0000"),1,1))) | J5: =IF(F5="","",VALUE(MID(TEXT(F5,"0000"),1,1))) | K5: =IF(D5="","",IF(COUNTIF(H5:J5,">=5")=3,"🔴 全大",IF(COUNTIF(H5:J5,">=5")=0,"🔵 全小",IF(COUNTIF(H5:J5,">=5")=2,"▲ 偏大","▼ 偏小")))) | L5: =IF(D5="","",IF((MOD(H5,2)=1)+(MOD(I5,2)=1)+(MOD(J5,2)=1)=3,"⚫ 全单",IF((MOD(H5,2)=1)+(MOD(I5,2)=1)+(MOD(J5,2)=1)=0,"🟣 全双",IF((MOD(H5,2)=1)+(MOD(I5,2)=1)+(MOD(J5,2)=1)=2,"◑ 偏单","◑ 偏双")))) | M5: =IF(D5="","",1) | N5: =IF(M5="","",IF(M5>=4,"🚨 "&M5&"期·警惕反转",IF(M5=3,"⚠️ 3期连续","—"))) | O5: =IF(K5="","—",IF(ISNUMBER(SEARCH("大",K5)),IF(OR(K5="🔴 全大"),IF(M5>=4,"大xxx 强·⚠️反转?",IF(M5=3,"大xxx 强·连3期","大xxx ✅强用")),"大xxx △弱参考"),IF(OR(K5="🔵 全小"),IF(M5>=4,"小xxx 强·⚠️反转?",IF(M5=3,"小xxx 强·连3期","小xxx ✅强用")),"小xxx △弱参考"))) | Q5: =IF(D5="","",VALUE(MID(TEXT(D5,"0000"),2,1))) | R5: =IF(E5="","",VALUE(MID(TEXT(E5,"0000"),2,1))) | S5: =IF(F5="","",VALUE(MID(TEXT(F5,"0000"),2,1))) | T5: =IF(D5="","",IF(COUNTIF(Q5:S5,">=5")=3,"🔴 全大",IF(COUNTIF(Q5:S5,">=5")=0,"🔵 全小",IF(COUNTIF(Q5:S5,">=5")=2,"▲ 偏大","▼ 偏小")))) | U5: =IF(D5="","",IF((MOD(Q5,2)=1)+(MOD(R5,2)=1)+(MOD(S5,2)=1)=3,"⚫ 全单",IF((MOD(Q5,2)=1)+(MOD(R5,2)=1)+(MOD(S5,2)=1)=0,"🟣 全双",IF((MOD(Q5,2)=1)+(MOD(R5,2)=1)+(MOD(S5,2)=1)=2,"◑ 偏单","◑ 偏双")))) | V5: =IF(D5="","",1) | W5: =IF(V5="","",IF(V5>=4,"🚨 "&V5&"期·警惕反转",IF(V5=3,"⚠️ 3期连续","—"))) | X5: =IF(T5="","—",IF(ISNUMBER(SEARCH("大",T5)),IF(OR(T5="🔴 全大"),IF(V5>=4,"x大xx 强·⚠️反转?",IF(V5=3,"x大xx 强·连3期","x大xx ✅强用")),"x大xx △弱参考"),IF(OR(T5="🔵 全小"),IF(V5>=4,"x小xx 强·⚠️反转?",IF(V5=3,"x小xx 强·连3期","x小xx ✅强用")),"x小xx △弱参考"))) | Z5: =IF(D5="","",VALUE(MID(TEXT(D5,"0000"),3,1))) | AA5: =IF(E5="","",VALUE(MID(TEXT(E5,"0000"),3,1))) | AB5: =IF(F5="","",VALUE(MID(TEXT(F5,"0000"),3,1))) | AC5: =IF(D5="","",IF(COUNTIF(Z5:AB5,">=5")=3,"🔴 全大",IF(COUNTIF(Z5:AB5,">=5")=0,"🔵 全小",IF(COUNTIF(Z5:AB5,">=5")=2,"▲ 偏大","▼ 偏小")))) | AD5: =IF(D5="","",IF((MOD(Z5,2)=1)+(MOD(AA5,2)=1)+(MOD(AB5,2)=1)=3,"⚫ 全单",IF((MOD(Z5,2)=1)+(MOD(AA5,2)=1)+(MOD(AB5,2)=1)=0,"🟣 全双",IF((MOD(Z5,2)=1)+(MOD(AA5,2)=1)+(MOD(AB5,2)=1)=2,"◑ 偏单","◑ 偏双")))) | AE5: =IF(D5="","",1) | AF5: =IF(AE5="","",IF(AE5>=4,"🚨 "&AE5&"期·警惕反转",IF(AE5=3,"⚠️ 3期连续","—"))) | AG5: =IF(AC5="","—",IF(ISNUMBER(SEARCH("大",AC5)),IF(OR(AC5="🔴 全大"),IF(AE5>=4,"xx大x 强·⚠️反转?",IF(AE5=3,"xx大x 强·连3期","xx大x ✅强用")),"xx大x △弱参考"),IF(OR(AC5="🔵 全小"),IF(AE5>=4,"xx小x 强·⚠️反转?",IF(AE5=3,"xx小x 强·连3期","xx小x ✅强用")),"xx小x △弱参考"))) | AI5: =IF(D5="","",VALUE(MID(TEXT(D5,"0000"),4,1))) | AJ5: =IF(E5="","",VALUE(MID(TEXT(E5,"0000"),4,1))) | AK5: =IF(F5="","",VALUE(MID(TEXT(F5,"0000"),4,1))) | AL5: =IF(D5="","",IF(COUNTIF(AI5:AK5,">=5")=3,"🔴 全大",IF(COUNTIF(AI5:AK5,">=5")=0,"🔵 全小",IF(COUNTIF(AI5:AK5,">=5")=2,"▲ 偏大","▼ 偏小")))) | AM5: =IF(D5="","",IF((MOD(AI5,2)=1)+(MOD(AJ5,2)=1)+(MOD(AK5,2)=1)=3,"⚫ 全单",IF((MOD(AI5,2)=1)+(MOD(AJ5,2)=1)+(MOD(AK5,2)=1)=0,"🟣 全双",IF((MOD(AI5,2)=1)+(MOD(AJ5,2)=1)+(MOD(AK5,2)=1)=2,"◑ 偏单","◑ 偏双")))) | AN5: =IF(D5="","",1) | AO5: =IF(AN5="","",IF(AN5>=4,"🚨 "&AN5&"期·警惕反转",IF(AN5=3,"⚠️ 3期连续","—"))) | AP5: =IF(AL5="","—",IF(ISNUMBER(SEARCH("大",AL5)),IF(OR(AL5="🔴 全大"),IF(AN5>=4,"xxx大 强·⚠️反转?",IF(AN5=3,"xxx大 强·连3期","xxx大 ✅强用")),"xxx大 △弱参考"),IF(OR(AL5="🔵 全小"),IF(AN5>=4,"xxx小 强·⚠️反转?",IF(AN5=3,"xxx小 强·连3期","xxx小 ✅强用")),"xxx小 △弱参考"))) | AR5: — | AS5: — | AT5: — | AU5: —
A6: 2 | B6: 2026-05-03 | C6: 万能 | D6: 0405 | E6: 2299 | F6: 1712 | H6: =IF(D6="","",VALUE(MID(TEXT(D6,"0000"),1,1))) | I6: =IF(E6="","",VALUE(MID(TEXT(E6,"0000"),1,1))) | J6: =IF(F6="","",VALUE(MID(TEXT(F6,"0000"),1,1))) | K6: =IF(D6="","",IF(COUNTIF(H6:J6,">=5")=3,"🔴 全大",IF(COUNTIF(H6:J6,">=5")=0,"🔵 全小",IF(COUNTIF(H6:J6,">=5")=2,"▲ 偏大","▼ 偏小")))) | L6: =IF(D6="","",IF((MOD(H6,2)=1)+(MOD(I6,2)=1)+(MOD(J6,2)=1)=3,"⚫ 全单",IF((MOD(H6,2)=1)+(MOD(I6,2)=1)+(MOD(J6,2)=1)=0,"🟣 全双",IF((MOD(H6,2)=1)+(MOD(I6,2)=1)+(MOD(J6,2)=1)=2,"◑ 偏单","◑ 偏双")))) | M6: =IF(D6="","",IF(D5="",1,IF(ISNUMBER(SEARCH("大",K6))=ISNUMBER(SEARCH("大",K5)),M5+1,1))) | N6: =IF(M6="","",IF(M6>=4,"🚨 "&M6&"期·警惕反转",IF(M6=3,"⚠️ 3期连续","—"))) | O6: =IF(K6="","—",IF(ISNUMBER(SEARCH("大",K6)),IF(OR(K6="🔴 全大"),IF(M6>=4,"大xxx 强·⚠️反转?",IF(M6=3,"大xxx 强·连3期","大xxx ✅强用")),"大xxx △弱参考"),IF(OR(K6="🔵 全小"),IF(M6>=4,"小xxx 强·⚠️反转?",IF(M6=3,"小xxx 强·连3期","小xxx ✅强用")),"小xxx △弱参考"))) | Q6: =IF(D6="","",VALUE(MID(TEXT(D6,"0000"),2,1))) | R6: =IF(E6="","",VALUE(MID(TEXT(E6,"0000"),2,1))) | S6: =IF(F6="","",VALUE(MID(TEXT(F6,"0000"),2,1))) | T6: =IF(D6="","",IF(COUNTIF(Q6:S6,">=5")=3,"🔴 全大",IF(COUNTIF(Q6:S6,">=5")=0,"🔵 全小",IF(COUNTIF(Q6:S6,">=5")=2,"▲ 偏大","▼ 偏小")))) | U6: =IF(D6="","",IF((MOD(Q6,2)=1)+(MOD(R6,2)=1)+(MOD(S6,2)=1)=3,"⚫ 全单",IF((MOD(Q6,2)=1)+(MOD(R6,2)=1)+(MOD(S6,2)=1)=0,"🟣 全双",IF((MOD(Q6,2)=1)+(MOD(R6,2)=1)+(MOD(S6,2)=1)=2,"◑ 偏单","◑ 偏双")))) | V6: =IF(D6="","",IF(D5="",1,IF(ISNUMBER(SEARCH("大",T6))=ISNUMBER(SEARCH("大",T5)),V5+1,1))) | W6: =IF(V6="","",IF(V6>=4,"🚨 "&V6&"期·警惕反转",IF(V6=3,"⚠️ 3期连续","—"))) | X6: =IF(T6="","—",IF(ISNUMBER(SEARCH("大",T6)),IF(OR(T6="🔴 全大"),IF(V6>=4,"x大xx 强·⚠️反转?",IF(V6=3,"x大xx 强·连3期","x大xx ✅强用")),"x大xx △弱参考"),IF(OR(T6="🔵 全小"),IF(V6>=4,"x小xx 强·⚠️反转?",IF(V6=3,"x小xx 强·连3期","x小xx ✅强用")),"x小xx △弱参考"))) | Z6: =IF(D6="","",VALUE(MID(TEXT(D6,"0000"),3,1))) | AA6: =IF(E6="","",VALUE(MID(TEXT(E6,"0000"),3,1))) | AB6: =IF(F6="","",VALUE(MID(TEXT(F6,"0000"),3,1))) | AC6: =IF(D6="","",IF(COUNTIF(Z6:AB6,">=5")=3,"🔴 全大",IF(COUNTIF(Z6:AB6,">=5")=0,"🔵 全小",IF(COUNTIF(Z6:AB6,">=5")=2,"▲ 偏大","▼ 偏小")))) | AD6: =IF(D6="","",IF((MOD(Z6,2)=1)+(MOD(AA6,2)=1)+(MOD(AB6,2)=1)=3,"⚫ 全单",IF((MOD(Z6,2)=1)+(MOD(AA6,2)=1)+(MOD(AB6,2)=1)=0,"🟣 全双",IF((MOD(Z6,2)=1)+(MOD(AA6,2)=1)+(MOD(AB6,2)=1)=2,"◑ 偏单","◑ 偏双")))) | AE6: =IF(D6="","",IF(D5="",1,IF(ISNUMBER(SEARCH("大",AC6))=ISNUMBER(SEARCH("大",AC5)),AE5+1,1))) | AF6: =IF(AE6="","",IF(AE6>=4,"🚨 "&AE6&"期·警惕反转",IF(AE6=3,"⚠️ 3期连续","—"))) | AG6: =IF(AC6="","—",IF(ISNUMBER(SEARCH("大",AC6)),IF(OR(AC6="🔴 全大"),IF(AE6>=4,"xx大x 强·⚠️反转?",IF(AE6=3,"xx大x 强·连3期","xx大x ✅强用")),"xx大x △弱参考"),IF(OR(AC6="🔵 全小"),IF(AE6>=4,"xx小x 强·⚠️反转?",IF(AE6=3,"xx小x 强·连3期","xx小x ✅强用")),"xx小x △弱参考"))) | AI6: =IF(D6="","",VALUE(MID(TEXT(D6,"0000"),4,1))) | AJ6: =IF(E6="","",VALUE(MID(TEXT(E6,"0000"),4,1))) | AK6: =IF(F6="","",VALUE(MID(TEXT(F6,"0000"),4,1))) | AL6: =IF(D6="","",IF(COUNTIF(AI6:AK6,">=5")=3,"🔴 全大",IF(COUNTIF(AI6:AK6,">=5")=0,"🔵 全小",IF(COUNTIF(AI6:AK6,">=5")=2,"▲ 偏大","▼ 偏小")))) | AM6: =IF(D6="","",IF((MOD(AI6,2)=1)+(MOD(AJ6,2)=1)+(MOD(AK6,2)=1)=3,"⚫ 全单",IF((MOD(AI6,2)=1)+(MOD(AJ6,2)=1)+(MOD(AK6,2)=1)=0,"🟣 全双",IF((MOD(AI6,2)=1)+(MOD(AJ6,2)=1)+(MOD(AK6,2)=1)=2,"◑ 偏单","◑ 偏双")))) | AN6: =IF(D6="","",IF(D5="",1,IF(ISNUMBER(SEARCH("大",AL6))=ISNUMBER(SEARCH("大",AL5)),AN5+1,1))) | AO6: =IF(AN6="","",IF(AN6>=4,"🚨 "&AN6&"期·警惕反转",IF(AN6=3,"⚠️ 3期连续","—"))) | AP6: =IF(AL6="","—",IF(ISNUMBER(SEARCH("大",AL6)),IF(OR(AL6="🔴 全大"),IF(AN6>=4,"xxx大 强·⚠️反转?",IF(AN6=3,"xxx大 强·连3期","xxx大 ✅强用")),"xxx大 △弱参考"),IF(OR(AL6="🔵 全小"),IF(AN6>=4,"xxx小 强·⚠️反转?",IF(AN6=3,"xxx小 强·连3期","xxx小 ✅强用")),"xxx小 △弱参考"))) | AR6: =IF(OR(D6="",D5=""),"—",IF(K5="","—",IF(ISNUMBER(SEARCH("大",K5)),IF(COUNTIF(H6:J6,">=5")>=2,"✅","❌"),IF(COUNTIF(H6:J6,">=5")<=1,"✅","❌")))) | AS6: =IF(OR(D6="",D5=""),"—",IF(T5="","—",IF(ISNUMBER(SEARCH("大",T5)),IF(COUNTIF(Q6:S6,">=5")>=2,"✅","❌"),IF(COUNTIF(Q6:S6,">=5")<=1,"✅","❌")))) | AT6: =IF(OR(D6="",D5=""),"—",IF(AC5="","—",IF(ISNUMBER(SEARCH("大",AC5)),IF(COUNTIF(Z6:AB6,">=5")>=2,"✅","❌"),IF(COUNTIF(Z6:AB6,">=5")<=1,"✅","❌")))) | AU6: =IF(OR(D6="",D5=""),"—",IF(AL5="","—",IF(ISNUMBER(SEARCH("大",AL5)),IF(COUNTIF(AI6:AK6,">=5")>=2,"✅","❌"),IF(COUNTIF(AI6:AK6,">=5")<=1,"✅","❌"))))
A7: 3 | B7: 2026-05-06 | C7: 万能 | D7: 1902 | E7: 6845 | F7: 0935 | H7: =IF(D7="","",VALUE(MID(TEXT(D7,"0000"),1,1))) | I7: =IF(E7="","",VALUE(MID(TEXT(E7,"0000"),1,1))) | J7: =IF(F7="","",VALUE(MID(TEXT(F7,"0000"),1,1))) | K7: =IF(D7="","",IF(COUNTIF(H7:J7,">=5")=3,"🔴 全大",IF(COUNTIF(H7:J7,">=5")=0,"🔵 全小",IF(COUNTIF(H7:J7,">=5")=2,"▲ 偏大","▼ 偏小")))) | L7: =IF(D7="","",IF((MOD(H7,2)=1)+(MOD(I7,2)=1)+(MOD(J7,2)=1)=3,"⚫ 全单",IF((MOD(H7,2)=1)+(MOD(I7,2)=1)+(MOD(J7,2)=1)=0,"🟣 全双",IF((MOD(H7,2)=1)+(MOD(I7,2)=1)+(MOD(J7,2)=1)=2,"◑ 偏单","◑ 偏双")))) | M7: =IF(D7="","",IF(D6="",1,IF(ISNUMBER(SEARCH("大",K7))=ISNUMBER(SEARCH("大",K6)),M6+1,1))) | N7: =IF(M7="","",IF(M7>=4,"🚨 "&M7&"期·警惕反转",IF(M7=3,"⚠️ 3期连续","—"))) | O7: =IF(K7="","—",IF(ISNUMBER(SEARCH("大",K7)),IF(OR(K7="🔴 全大"),IF(M7>=4,"大xxx 强·⚠️反转?",IF(M7=3,"大xxx 强·连3期","大xxx ✅强用")),"大xxx △弱参考"),IF(OR(K7="🔵 全小"),IF(M7>=4,"小xxx 强·⚠️反转?",IF(M7=3,"小xxx 强·连3期","小xxx ✅强用")),"小xxx △弱参考"))) | Q7: =IF(D7="","",VALUE(MID(TEXT(D7,"0000"),2,1))) | R7: =IF(E7="","",VALUE(MID(TEXT(E7,"0000"),2,1))) | S7: =IF(F7="","",VALUE(MID(TEXT(F7,"0000"),2,1))) | T7: =IF(D7="","",IF(COUNTIF(Q7:S7,">=5")=3,"🔴 全大",IF(COUNTIF(Q7:S7,">=5")=0,"🔵 全小",IF(COUNTIF(Q7:S7,">=5")=2,"▲ 偏大","▼ 偏小")))) | U7: =IF(D7="","",IF((MOD(Q7,2)=1)+(MOD(R7,2)=1)+(MOD(S7,2)=1)=3,"⚫ 全单",IF((MOD(Q7,2)=1)+(MOD(R7,2)=1)+(MOD(S7,2)=1)=0,"🟣 全双",IF((MOD(Q7,2)=1)+(MOD(R7,2)=1)+(MOD(S7,2)=1)=2,"◑ 偏单","◑ 偏双")))) | V7: =IF(D7="","",IF(D6="",1,IF(ISNUMBER(SEARCH("大",T7))=ISNUMBER(SEARCH("大",T6)),V6+1,1))) | W7: =IF(V7="","",IF(V7>=4,"🚨 "&V7&"期·警惕反转",IF(V7=3,"⚠️ 3期连续","—"))) | X7: =IF(T7="","—",IF(ISNUMBER(SEARCH("大",T7)),IF(OR(T7="🔴 全大"),IF(V7>=4,"x大xx 强·⚠️反转?",IF(V7=3,"x大xx 强·连3期","x大xx ✅强用")),"x大xx △弱参考"),IF(OR(T7="🔵 全小"),IF(V7>=4,"x小xx 强·⚠️反转?",IF(V7=3,"x小xx 强·连3期","x小xx ✅强用")),"x小xx △弱参考"))) | Z7: =IF(D7="","",VALUE(MID(TEXT(D7,"0000"),3,1))) | AA7: =IF(E7="","",VALUE(MID(TEXT(E7,"0000"),3,1))) | AB7: =IF(F7="","",VALUE(MID(TEXT(F7,"0000"),3,1))) | AC7: =IF(D7="","",IF(COUNTIF(Z7:AB7,">=5")=3,"🔴 全大",IF(COUNTIF(Z7:AB7,">=5")=0,"🔵 全小",IF(COUNTIF(Z7:AB7,">=5")=2,"▲ 偏大","▼ 偏小")))) | AD7: =IF(D7="","",IF((MOD(Z7,2)=1)+(MOD(AA7,2)=1)+(MOD(AB7,2)=1)=3,"⚫ 全单",IF((MOD(Z7,2)=1)+(MOD(AA7,2)=1)+(MOD(AB7,2)=1)=0,"🟣 全双",IF((MOD(Z7,2)=1)+(MOD(AA7,2)=1)+(MOD(AB7,2)=1)=2,"◑ 偏单","◑ 偏双")))) | AE7: =IF(D7="","",IF(D6="",1,IF(ISNUMBER(SEARCH("大",AC7))=ISNUMBER(SEARCH("大",AC6)),AE6+1,1))) | AF7: =IF(AE7="","",IF(AE7>=4,"🚨 "&AE7&"期·警惕反转",IF(AE7=3,"⚠️ 3期连续","—"))) | AG7: =IF(AC7="","—",IF(ISNUMBER(SEARCH("大",AC7)),IF(OR(AC7="🔴 全大"),IF(AE7>=4,"xx大x 强·⚠️反转?",IF(AE7=3,"xx大x 强·连3期","xx大x ✅强用")),"xx大x △弱参考"),IF(OR(AC7="🔵 全小"),IF(AE7>=4,"xx小x 强·⚠️反转?",IF(AE7=3,"xx小x 强·连3期","xx小x ✅强用")),"xx小x △弱参考"))) | AI7: =IF(D7="","",VALUE(MID(TEXT(D7,"0000"),4,1))) | AJ7: =IF(E7="","",VALUE(MID(TEXT(E7,"0000"),4,1))) | AK7: =IF(F7="","",VALUE(MID(TEXT(F7,"0000"),4,1))) | AL7: =IF(D7="","",IF(COUNTIF(AI7:AK7,">=5")=3,"🔴 全大",IF(COUNTIF(AI7:AK7,">=5")=0,"🔵 全小",IF(COUNTIF(AI7:AK7,">=5")=2,"▲ 偏大","▼ 偏小")))) | AM7: =IF(D7="","",IF((MOD(AI7,2)=1)+(MOD(AJ7,2)=1)+(MOD(AK7,2)=1)=3,"⚫ 全单",IF((MOD(AI7,2)=1)+(MOD(AJ7,2)=1)+(MOD(AK7,2)=1)=0,"🟣 全双",IF((MOD(AI7,2)=1)+(MOD(AJ7,2)=1)+(MOD(AK7,2)=1)=2,"◑ 偏单","◑ 偏双")))) | AN7: =IF(D7="","",IF(D6="",1,IF(ISNUMBER(SEARCH("大",AL7))=ISNUMBER(SEARCH("大",AL6)),AN6+1,1))) | AO7: =IF(AN7="","",IF(AN7>=4,"🚨 "&AN7&"期·警惕反转",IF(AN7=3,"⚠️ 3期连续","—"))) | AP7: =IF(AL7="","—",IF(ISNUMBER(SEARCH("大",AL7)),IF(OR(AL7="🔴 全大"),IF(AN7>=4,"xxx大 强·⚠️反转?",IF(AN7=3,"xxx大 强·连3期","xxx大 ✅强用")),"xxx大 △弱参考"),IF(OR(AL7="🔵 全小"),IF(AN7>=4,"xxx小 强·⚠️反转?",IF(AN7=3,"xxx小 强·连3期","xxx小 ✅强用")),"xxx小 △弱参考"))) | AR7: =IF(OR(D7="",D6=""),"—",IF(K6="","—",IF(ISNUMBER(SEARCH("大",K6)),IF(COUNTIF(H7:J7,">=5")>=2,"✅","❌"),IF(COUNTIF(H7:J7,">=5")<=1,"✅","❌")))) | AS7: =IF(OR(D7="",D6=""),"—",IF(T6="","—",IF(ISNUMBER(SEARCH("大",T6)),IF(COUNTIF(Q7:S7,">=5")>=2,"✅","❌"),IF(COUNTIF(Q7:S7,">=5")<=1,"✅","❌")))) | AT7: =IF(OR(D7="",D6=""),"—",IF(AC6="","—",IF(ISNUMBER(SEARCH("大",AC6)),IF(COUNTIF(Z7:AB7,">=5")>=2,"✅","❌"),IF(COUNTIF(Z7:AB7,">=5")<=1,"✅","❌")))) | AU7: =IF(OR(D7="",D6=""),"—",IF(AL6="","—",IF(ISNUMBER(SEARCH("大",AL6)),IF(COUNTIF(AI7:AK7,">=5")>=2,"✅","❌"),IF(COUNTIF(AI7:AK7,">=5")<=1,"✅","❌"))))
A8: 4 | B8: 2026-05-09 | C8: 万能 | D8: 4965 | E8: 2753 | F8: 7281 | H8: =IF(D8="","",VALUE(MID(TEXT(D8,"0000"),1,1))) | I8: =IF(E8="","",VALUE(MID(TEXT(E8,"0000"),1,1))) | J8: =IF(F8="","",VALUE(MID(TEXT(F8,"0000"),1,1))) | K8: =IF(D8="","",IF(COUNTIF(H8:J8,">=5")=3,"🔴 全大",IF(COUNTIF(H8:J8,">=5")=0,"🔵 全小",IF(COUNTIF(H8:J8,">=5")=2,"▲ 偏大","▼ 偏小")))) | L8: =IF(D8="","",IF((MOD(H8,2)=1)+(MOD(I8,2)=1)+(MOD(J8,2)=1)=3,"⚫ 全单",IF((MOD(H8,2)=1)+(MOD(I8,2)=1)+(MOD(J8,2)=1)=0,"🟣 全双",IF((MOD(H8,2)=1)+(MOD(I8,2)=1)+(MOD(J8,2)=1)=2,"◑ 偏单","◑ 偏双")))) | M8: =IF(D8="","",IF(D7="",1,IF(ISNUMBER(SEARCH("大",K8))=ISNUMBER(SEARCH("大",K7)),M7+1,1))) | N8: =IF(M8="","",IF(M8>=4,"🚨 "&M8&"期·警惕反转",IF(M8=3,"⚠️ 3期连续","—"))) | O8: =IF(K8="","—",IF(ISNUMBER(SEARCH("大",K8)),IF(OR(K8="🔴 全大"),IF(M8>=4,"大xxx 强·⚠️反转?",IF(M8=3,"大xxx 强·连3期","大xxx ✅强用")),"大xxx △弱参考"),IF(OR(K8="🔵 全小"),IF(M8>=4,"小xxx 强·⚠️反转?",IF(M8=3,"小xxx 强·连3期","小xxx ✅强用")),"小xxx △弱参考"))) | Q8: =IF(D8="","",VALUE(MID(TEXT(D8,"0000"),2,1))) | R8: =IF(E8="","",VALUE(MID(TEXT(E8,"0000"),2,1))) | S8: =IF(F8="","",VALUE(MID(TEXT(F8,"0000"),2,1))) | T8: =IF(D8="","",IF(COUNTIF(Q8:S8,">=5")=3,"🔴 全大",IF(COUNTIF(Q8:S8,">=5")=0,"🔵 全小",IF(COUNTIF(Q8:S8,">=5")=2,"▲ 偏大","▼ 偏小")))) | U8: =IF(D8="","",IF((MOD(Q8,2)=1)+(MOD(R8,2)=1)+(MOD(S8,2)=1)=3,"⚫ 全单",IF((MOD(Q8,2)=1)+(MOD(R8,2)=1)+(MOD(S8,2)=1)=0,"🟣 全双",IF((MOD(Q8,2)=1)+(MOD(R8,2)=1)+(MOD(S8,2)=1)=2,"◑ 偏单","◑ 偏双")))) | V8: =IF(D8="","",IF(D7="",1,IF(ISNUMBER(SEARCH("大",T8))=ISNUMBER(SEARCH("大",T7)),V7+1,1))) | W8: =IF(V8="","",IF(V8>=4,"🚨 "&V8&"期·警惕反转",IF(V8=3,"⚠️ 3期连续","—"))) | X8: =IF(T8="","—",IF(ISNUMBER(SEARCH("大",T8)),IF(OR(T8="🔴 全大"),IF(V8>=4,"x大xx 强·⚠️反转?",IF(V8=3,"x大xx 强·连3期","x大xx ✅强用")),"x大xx △弱参考"),IF(OR(T8="🔵 全小"),IF(V8>=4,"x小xx 强·⚠️反转?",IF(V8=3,"x小xx 强·连3期","x小xx ✅强用")),"x小xx △弱参考"))) | Z8: =IF(D8="","",VALUE(MID(TEXT(D8,"0000"),3,1))) | AA8: =IF(E8="","",VALUE(MID(TEXT(E8,"0000"),3,1))) | AB8: =IF(F8="","",VALUE(MID(TEXT(F8,"0000"),3,1))) | AC8: =IF(D8="","",IF(COUNTIF(Z8:AB8,">=5")=3,"🔴 全大",IF(COUNTIF(Z8:AB8,">=5")=0,"🔵 全小",IF(COUNTIF(Z8:AB8,">=5")=2,"▲ 偏大","▼ 偏小")))) | AD8: =IF(D8="","",IF((MOD(Z8,2)=1)+(MOD(AA8,2)=1)+(MOD(AB8,2)=1)=3,"⚫ 全单",IF((MOD(Z8,2)=1)+(MOD(AA8,2)=1)+(MOD(AB8,2)=1)=0,"🟣 全双",IF((MOD(Z8,2)=1)+(MOD(AA8,2)=1)+(MOD(AB8,2)=1)=2,"◑ 偏单","◑ 偏双")))) | AE8: =IF(D8="","",IF(D7="",1,IF(ISNUMBER(SEARCH("大",AC8))=ISNUMBER(SEARCH("大",AC7)),AE7+1,1))) | AF8: =IF(AE8="","",IF(AE8>=4,"🚨 "&AE8&"期·警惕反转",IF(AE8=3,"⚠️ 3期连续","—"))) | AG8: =IF(AC8="","—",IF(ISNUMBER(SEARCH("大",AC8)),IF(OR(AC8="🔴 全大"),IF(AE8>=4,"xx大x 强·⚠️反转?",IF(AE8=3,"xx大x 强·连3期","xx大x ✅强用")),"xx大x △弱参考"),IF(OR(AC8="🔵 全小"),IF(AE8>=4,"xx小x 强·⚠️反转?",IF(AE8=3,"xx小x 强·连3期","xx小x ✅强用")),"xx小x △弱参考"))) | AI8: =IF(D8="","",VALUE(MID(TEXT(D8,"0000"),4,1))) | AJ8: =IF(E8="","",VALUE(MID(TEXT(E8,"0000"),4,1))) | AK8: =IF(F8="","",VALUE(MID(TEXT(F8,"0000"),4,1))) | AL8: =IF(D8="","",IF(COUNTIF(AI8:AK8,">=5")=3,"🔴 全大",IF(COUNTIF(AI8:AK8,">=5")=0,"🔵 全小",IF(COUNTIF(AI8:AK8,">=5")=2,"▲ 偏大","▼ 偏小")))) | AM8: =IF(D8="","",IF((MOD(AI8,2)=1)+(MOD(AJ8,2)=1)+(MOD(AK8,2)=1)=3,"⚫ 全单",IF((MOD(AI8,2)=1)+(MOD(AJ8,2)=1)+(MOD(AK8,2)=1)=0,"🟣 全双",IF((MOD(AI8,2)=1)+(MOD(AJ8,2)=1)+(MOD(AK8,2)=1)=2,"◑ 偏单","◑ 偏双")))) | AN8: =IF(D8="","",IF(D7="",1,IF(ISNUMBER(SEARCH("大",AL8))=ISNUMBER(SEARCH("大",AL7)),AN7+1,1))) | AO8: =IF(AN8="","",IF(AN8>=4,"🚨 "&AN8&"期·警惕反转",IF(AN8=3,"⚠️ 3期连续","—"))) | AP8: =IF(AL8="","—",IF(ISNUMBER(SEARCH("大",AL8)),IF(OR(AL8="🔴 全大"),IF(AN8>=4,"xxx大 强·⚠️反转?",IF(AN8=3,"xxx大 强·连3期","xxx大 ✅强用")),"xxx大 △弱参考"),IF(OR(AL8="🔵 全小"),IF(AN8>=4,"xxx小 强·⚠️反转?",IF(AN8=3,"xxx小 强·连3期","xxx小 ✅强用")),"xxx小 △弱参考"))) | AR8: =IF(OR(D8="",D7=""),"—",IF(K7="","—",IF(ISNUMBER(SEARCH("大",K7)),IF(COUNTIF(H8:J8,">=5")>=2,"✅","❌"),IF(COUNTIF(H8:J8,">=5")<=1,"✅","❌")))) | AS8: =IF(OR(D8="",D7=""),"—",IF(T7="","—",IF(ISNUMBER(SEARCH("大",T7)),IF(COUNTIF(Q8:S8,">=5")>=2,"✅","❌"),IF(COUNTIF(Q8:S8,">=5")<=1,"✅","❌")))) | AT8: =IF(OR(D8="",D7=""),"—",IF(AC7="","—",IF(ISNUMBER(SEARCH("大",AC7)),IF(COUNTIF(Z8:AB8,">=5")>=2,"✅","❌"),IF(COUNTIF(Z8:AB8,">=5")<=1,"✅","❌")))) | AU8: =IF(OR(D8="",D7=""),"—",IF(AL7="","—",IF(ISNUMBER(SEARCH("大",AL7)),IF(COUNTIF(AI8:AK8,">=5")>=2,"✅","❌"),IF(COUNTIF(AI8:AK8,">=5")<=1,"✅","❌"))))
A9: 5 | B9: 2026-05-10 | C9: 万能 | D9: 4502 | E9: 2128 | F9: 2501 | H9: =IF(D9="","",VALUE(MID(TEXT(D9,"0000"),1,1))) | I9: =IF(E9="","",VALUE(MID(TEXT(E9,"0000"),1,1))) | J9: =IF(F9="","",VALUE(MID(TEXT(F9,"0000"),1,1))) | K9: =IF(D9="","",IF(COUNTIF(H9:J9,">=5")=3,"🔴 全大",IF(COUNTIF(H9:J9,">=5")=0,"🔵 全小",IF(COUNTIF(H9:J9,">=5")=2,"▲ 偏大","▼ 偏小")))) | L9: =IF(D9="","",IF((MOD(H9,2)=1)+(MOD(I9,2)=1)+(MOD(J9,2)=1)=3,"⚫ 全单",IF((MOD(H9,2)=1)+(MOD(I9,2)=1)+(MOD(J9,2)=1)=0,"🟣 全双",IF((MOD(H9,2)=1)+(MOD(I9,2)=1)+(MOD(J9,2)=1)=2,"◑ 偏单","◑ 偏双")))) | M9: =IF(D9="","",IF(D8="",1,IF(ISNUMBER(SEARCH("大",K9))=ISNUMBER(SEARCH("大",K8)),M8+1,1))) | N9: =IF(M9="","",IF(M9>=4,"🚨 "&M9&"期·警惕反转",IF(M9=3,"⚠️ 3期连续","—"))) | O9: =IF(K9="","—",IF(ISNUMBER(SEARCH("大",K9)),IF(OR(K9="🔴 全大"),IF(M9>=4,"大xxx 强·⚠️反转?",IF(M9=3,"大xxx 强·连3期","大xxx ✅强用")),"大xxx △弱参考"),IF(OR(K9="🔵 全小"),IF(M9>=4,"小xxx 强·⚠️反转?",IF(M9=3,"小xxx 强·连3期","小xxx ✅强用")),"小xxx △弱参考"))) | Q9: =IF(D9="","",VALUE(MID(TEXT(D9,"0000"),2,1))) | R9: =IF(E9="","",VALUE(MID(TEXT(E9,"0000"),2,1))) | S9: =IF(F9="","",VALUE(MID(TEXT(F9,"0000"),2,1))) | T9: =IF(D9="","",IF(COUNTIF(Q9:S9,">=5")=3,"🔴 全大",IF(COUNTIF(Q9:S9,">=5")=0,"🔵 全小",IF(COUNTIF(Q9:S9,">=5")=2,"▲ 偏大","▼ 偏小")))) | U9: =IF(D9="","",IF((MOD(Q9,2)=1)+(MOD(R9,2)=1)+(MOD(S9,2)=1)=3,"⚫ 全单",IF((MOD(Q9,2)=1)+(MOD(R9,2)=1)+(MOD(S9,2)=1)=0,"🟣 全双",IF((MOD(Q9,2)=1)+(MOD(R9,2)=1)+(MOD(S9,2)=1)=2,"◑ 偏单","◑ 偏双")))) | V9: =IF(D9="","",IF(D8="",1,IF(ISNUMBER(SEARCH("大",T9))=ISNUMBER(SEARCH("大",T8)),V8+1,1))) | W9: =IF(V9="","",IF(V9>=4,"🚨 "&V9&"期·警惕反转",IF(V9=3,"⚠️ 3期连续","—"))) | X9: =IF(T9="","—",IF(ISNUMBER(SEARCH("大",T9)),IF(OR(T9="🔴 全大"),IF(V9>=4,"x大xx 强·⚠️反转?",IF(V9=3,"x大xx 强·连3期","x大xx ✅强用")),"x大xx △弱参考"),IF(OR(T9="🔵 全小"),IF(V9>=4,"x小xx 强·⚠️反转?",IF(V9=3,"x小xx 强·连3期","x小xx ✅强用")),"x小xx △弱参考"))) | Z9: =IF(D9="","",VALUE(MID(TEXT(D9,"0000"),3,1))) | AA9: =IF(E9="","",VALUE(MID(TEXT(E9,"0000"),3,1))) | AB9: =IF(F9="","",VALUE(MID(TEXT(F9,"0000"),3,1))) | AC9: =IF(D9="","",IF(COUNTIF(Z9:AB9,">=5")=3,"🔴 全大",IF(COUNTIF(Z9:AB9,">=5")=0,"🔵 全小",IF(COUNTIF(Z9:AB9,">=5")=2,"▲ 偏大","▼ 偏小")))) | AD9: =IF(D9="","",IF((MOD(Z9,2)=1)+(MOD(AA9,2)=1)+(MOD(AB9,2)=1)=3,"⚫ 全单",IF((MOD(Z9,2)=1)+(MOD(AA9,2)=1)+(MOD(AB9,2)=1)=0,"🟣 全双",IF((MOD(Z9,2)=1)+(MOD(AA9,2)=1)+(MOD(AB9,2)=1)=2,"◑ 偏单","◑ 偏双")))) | AE9: =IF(D9="","",IF(D8="",1,IF(ISNUMBER(SEARCH("大",AC9))=ISNUMBER(SEARCH("大",AC8)),AE8+1,1))) | AF9: =IF(AE9="","",IF(AE9>=4,"🚨 "&AE9&"期·警惕反转",IF(AE9=3,"⚠️ 3期连续","—"))) | AG9: =IF(AC9="","—",IF(ISNUMBER(SEARCH("大",AC9)),IF(OR(AC9="🔴 全大"),IF(AE9>=4,"xx大x 强·⚠️反转?",IF(AE9=3,"xx大x 强·连3期","xx大x ✅强用")),"xx大x △弱参考"),IF(OR(AC9="🔵 全小"),IF(AE9>=4,"xx小x 强·⚠️反转?",IF(AE9=3,"xx小x 强·连3期","xx小x ✅强用")),"xx小x △弱参考"))) | AI9: =IF(D9="","",VALUE(MID(TEXT(D9,"0000"),4,1))) | AJ9: =IF(E9="","",VALUE(MID(TEXT(E9,"0000"),4,1))) | AK9: =IF(F9="","",VALUE(MID(TEXT(F9,"0000"),4,1))) | AL9: =IF(D9="","",IF(COUNTIF(AI9:AK9,">=5")=3,"🔴 全大",IF(COUNTIF(AI9:AK9,">=5")=0,"🔵 全小",IF(COUNTIF(AI9:AK9,">=5")=2,"▲ 偏大","▼ 偏小")))) | AM9: =IF(D9="","",IF((MOD(AI9,2)=1)+(MOD(AJ9,2)=1)+(MOD(AK9,2)=1)=3,"⚫ 全单",IF((MOD(AI9,2)=1)+(MOD(AJ9,2)=1)+(MOD(AK9,2)=1)=0,"🟣 全双",IF((MOD(AI9,2)=1)+(MOD(AJ9,2)=1)+(MOD(AK9,2)=1)=2,"◑ 偏单","◑ 偏双")))) | AN9: =IF(D9="","",IF(D8="",1,IF(ISNUMBER(SEARCH("大",AL9))=ISNUMBER(SEARCH("大",AL8)),AN8+1,1))) | AO9: =IF(AN9="","",IF(AN9>=4,"🚨 "&AN9&"期·警惕反转",IF(AN9=3,"⚠️ 3期连续","—"))) | AP9: =IF(AL9="","—",IF(ISNUMBER(SEARCH("大",AL9)),IF(OR(AL9="🔴 全大"),IF(AN9>=4,"xxx大 强·⚠️反转?",IF(AN9=3,"xxx大 强·连3期","xxx大 ✅强用")),"xxx大 △弱参考"),IF(OR(AL9="🔵 全小"),IF(AN9>=4,"xxx小 强·⚠️反转?",IF(AN9=3,"xxx小 强·连3期","xxx小 ✅强用")),"xxx小 △弱参考"))) | AR9: =IF(OR(D9="",D8=""),"—",IF(K8="","—",IF(ISNUMBER(SEARCH("大",K8)),IF(COUNTIF(H9:J9,">=5")>=2,"✅","❌"),IF(COUNTIF(H9:J9,">=5")<=1,"✅","❌")))) | AS9: =IF(OR(D9="",D8=""),"—",IF(T8="","—",IF(ISNUMBER(SEARCH("大",T8)),IF(COUNTIF(Q9:S9,">=5")>=2,"✅","❌"),IF(COUNTIF(Q9:S9,">=5")<=1,"✅","❌")))) | AT9: =IF(OR(D9="",D8=""),"—",IF(AC8="","—",IF(ISNUMBER(SEARCH("大",AC8)),IF(COUNTIF(Z9:AB9,">=5")>=2,"✅","❌"),IF(COUNTIF(Z9:AB9,">=5")<=1,"✅","❌")))) | AU9: =IF(OR(D9="",D8=""),"—",IF(AL8="","—",IF(ISNUMBER(SEARCH("大",AL8)),IF(COUNTIF(AI9:AK9,">=5")>=2,"✅","❌"),IF(COUNTIF(AI9:AK9,">=5")<=1,"✅","❌"))))
A10: 6 | B10: 2026-05-13 | C10: 万能 | D10: 6449 | E10: 6194 | F10: 8562 | H10: =IF(D10="","",VALUE(MID(TEXT(D10,"0000"),1,1))) | I10: =IF(E10="","",VALUE(MID(TEXT(E10,"0000"),1,1))) | J10: =IF(F10="","",VALUE(MID(TEXT(F10,"0000"),1,1))) | K10: =IF(D10="","",IF(COUNTIF(H10:J10,">=5")=3,"🔴 全大",IF(COUNTIF(H10:J10,">=5")=0,"🔵 全小",IF(COUNTIF(H10:J10,">=5")=2,"▲ 偏大","▼ 偏小")))) | L10: =IF(D10="","",IF((MOD(H10,2)=1)+(MOD(I10,2)=1)+(MOD(J10,2)=1)=3,"⚫ 全单",IF((MOD(H10,2)=1)+(MOD(I10,2)=1)+(MOD(J10,2)=1)=0,"🟣 全双",IF((MOD(H10,2)=1)+(MOD(I10,2)=1)+(MOD(J10,2)=1)=2,"◑ 偏单","◑ 偏双")))) | M10: =IF(D10="","",IF(D9="",1,IF(ISNUMBER(SEARCH("大",K10))=ISNUMBER(SEARCH("大",K9)),M9+1,1))) | N10: =IF(M10="","",IF(M10>=4,"🚨 "&M10&"期·警惕反转",IF(M10=3,"⚠️ 3期连续","—"))) | O10: =IF(K10="","—",IF(ISNUMBER(SEARCH("大",K10)),IF(OR(K10="🔴 全大"),IF(M10>=4,"大xxx 强·⚠️反转?",IF(M10=3,"大xxx 强·连3期","大xxx ✅强用")),"大xxx △弱参考"),IF(OR(K10="🔵 全小"),IF(M10>=4,"小xxx 强·⚠️反转?",IF(M10=3,"小xxx 强·连3期","小xxx ✅强用")),"小xxx △弱参考"))) | Q10: =IF(D10="","",VALUE(MID(TEXT(D10,"0000"),2,1))) | R10: =IF(E10="","",VALUE(MID(TEXT(E10,"0000"),2,1))) | S10: =IF(F10="","",VALUE(MID(TEXT(F10,"0000"),2,1))) | T10: =IF(D10="","",IF(COUNTIF(Q10:S10,">=5")=3,"🔴 全大",IF(COUNTIF(Q10:S10,">=5")=0,"🔵 全小",IF(COUNTIF(Q10:S10,">=5")=2,"▲ 偏大","▼ 偏小")))) | U10: =IF(D10="","",IF((MOD(Q10,2)=1)+(MOD(R10,2)=1)+(MOD(S10,2)=1)=3,"⚫ 全单",IF((MOD(Q10,2)=1)+(MOD(R10,2)=1)+(MOD(S10,2)=1)=0,"🟣 全双",IF((MOD(Q10,2)=1)+(MOD(R10,2)=1)+(MOD(S10,2)=1)=2,"◑ 偏单","◑ 偏双")))) | V10: =IF(D10="","",IF(D9="",1,IF(ISNUMBER(SEARCH("大",T10))=ISNUMBER(SEARCH("大",T9)),V9+1,1))) | W10: =IF(V10="","",IF(V10>=4,"🚨 "&V10&"期·警惕反转",IF(V10=3,"⚠️ 3期连续","—"))) | X10: =IF(T10="","—",IF(ISNUMBER(SEARCH("大",T10)),IF(OR(T10="🔴 全大"),IF(V10>=4,"x大xx 强·⚠️反转?",IF(V10=3,"x大xx 强·连3期","x大xx ✅强用")),"x大xx △弱参考"),IF(OR(T10="🔵 全小"),IF(V10>=4,"x小xx 强·⚠️反转?",IF(V10=3,"x小xx 强·连3期","x小xx ✅强用")),"x小xx △弱参考"))) | Z10: =IF(D10="","",VALUE(MID(TEXT(D10,"0000"),3,1))) | AA10: =IF(E10="","",VALUE(MID(TEXT(E10,"0000"),3,1))) | AB10: =IF(F10="","",VALUE(MID(TEXT(F10,"0000"),3,1))) | AC10: =IF(D10="","",IF(COUNTIF(Z10:AB10,">=5")=3,"🔴 全大",IF(COUNTIF(Z10:AB10,">=5")=0,"🔵 全小",IF(COUNTIF(Z10:AB10,">=5")=2,"▲ 偏大","▼ 偏小")))) | AD10: =IF(D10="","",IF((MOD(Z10,2)=1)+(MOD(AA10,2)=1)+(MOD(AB10,2)=1)=3,"⚫ 全单",IF((MOD(Z10,2)=1)+(MOD(AA10,2)=1)+(MOD(AB10,2)=1)=0,"🟣 全双",IF((MOD(Z10,2)=1)+(MOD(AA10,2)=1)+(MOD(AB10,2)=1)=2,"◑ 偏单","◑ 偏双")))) | AE10: =IF(D10="","",IF(D9="",1,IF(ISNUMBER(SEARCH("大",AC10))=ISNUMBER(SEARCH("大",AC9)),AE9+1,1))) | AF10: =IF(AE10="","",IF(AE10>=4,"🚨 "&AE10&"期·警惕反转",IF(AE10=3,"⚠️ 3期连续","—"))) | AG10: =IF(AC10="","—",IF(ISNUMBER(SEARCH("大",AC10)),IF(OR(AC10="🔴 全大"),IF(AE10>=4,"xx大x 强·⚠️反转?",IF(AE10=3,"xx大x 强·连3期","xx大x ✅强用")),"xx大x △弱参考"),IF(OR(AC10="🔵 全小"),IF(AE10>=4,"xx小x 强·⚠️反转?",IF(AE10=3,"xx小x 强·连3期","xx小x ✅强用")),"xx小x △弱参考"))) | AI10: =IF(D10="","",VALUE(MID(TEXT(D10,"0000"),4,1))) | AJ10: =IF(E10="","",VALUE(MID(TEXT(E10,"0000"),4,1))) | AK10: =IF(F10="","",VALUE(MID(TEXT(F10,"0000"),4,1))) | AL10: =IF(D10="","",IF(COUNTIF(AI10:AK10,">=5")=3,"🔴 全大",IF(COUNTIF(AI10:AK10,">=5")=0,"🔵 全小",IF(COUNTIF(AI10:AK10,">=5")=2,"▲ 偏大","▼ 偏小")))) | AM10: =IF(D10="","",IF((MOD(AI10,2)=1)+(MOD(AJ10,2)=1)+(MOD(AK10,2)=1)=3,"⚫ 全单",IF((MOD(AI10,2)=1)+(MOD(AJ10,2)=1)+(MOD(AK10,2)=1)=0,"🟣 全双",IF((MOD(AI10,2)=1)+(MOD(AJ10,2)=1)+(MOD(AK10,2)=1)=2,"◑ 偏单","◑ 偏双")))) | AN10: =IF(D10="","",IF(D9="",1,IF(ISNUMBER(SEARCH("大",AL10))=ISNUMBER(SEARCH("大",AL9)),AN9+1,1))) | AO10: =IF(AN10="","",IF(AN10>=4,"🚨 "&AN10&"期·警惕反转",IF(AN10=3,"⚠️ 3期连续","—"))) | AP10: =IF(AL10="","—",IF(ISNUMBER(SEARCH("大",AL10)),IF(OR(AL10="🔴 全大"),IF(AN10>=4,"xxx大 强·⚠️反转?",IF(AN10=3,"xxx大 强·连3期","xxx大 ✅强用")),"xxx大 △弱参考"),IF(OR(AL10="🔵 全小"),IF(AN10>=4,"xxx小 强·⚠️反转?",IF(AN10=3,"xxx小 强·连3期","xxx小 ✅强用")),"xxx小 △弱参考"))) | AR10: =IF(OR(D10="",D9=""),"—",IF(K9="","—",IF(ISNUMBER(SEARCH("大",K9)),IF(COUNTIF(H10:J10,">=5")>=2,"✅","❌"),IF(COUNTIF(H10:J10,">=5")<=1,"✅","❌")))) | AS10: =IF(OR(D10="",D9=""),"—",IF(T9="","—",IF(ISNUMBER(SEARCH("大",T9)),IF(COUNTIF(Q10:S10,">=5")>=2,"✅","❌"),IF(COUNTIF(Q10:S10,">=5")<=1,"✅","❌")))) | AT10: =IF(OR(D10="",D9=""),"—",IF(AC9="","—",IF(ISNUMBER(SEARCH("大",AC9)),IF(COUNTIF(Z10:AB10,">=5")>=2,"✅","❌"),IF(COUNTIF(Z10:AB10,">=5")<=1,"✅","❌")))) | AU10: =IF(OR(D10="",D9=""),"—",IF(AL9="","—",IF(ISNUMBER(SEARCH("大",AL9)),IF(COUNTIF(AI10:AK10,">=5")>=2,"✅","❌"),IF(COUNTIF(AI10:AK10,">=5")<=1,"✅","❌"))))
A11: 7 | B11: 2026-05-16 | C11: 万能 | D11: 2112 | E11: 5193 | F11: 2950 | H11: =IF(D11="","",VALUE(MID(TEXT(D11,"0000"),1,1))) | I11: =IF(E11="","",VALUE(MID(TEXT(E11,"0000"),1,1))) | J11: =IF(F11="","",VALUE(MID(TEXT(F11,"0000"),1,1))) | K11: =IF(D11="","",IF(COUNTIF(H11:J11,">=5")=3,"🔴 全大",IF(COUNTIF(H11:J11,">=5")=0,"🔵 全小",IF(COUNTIF(H11:J11,">=5")=2,"▲ 偏大","▼ 偏小")))) | L11: =IF(D11="","",IF((MOD(H11,2)=1)+(MOD(I11,2)=1)+(MOD(J11,2)=1)=3,"⚫ 全单",IF((MOD(H11,2)=1)+(MOD(I11,2)=1)+(MOD(J11,2)=1)=0,"🟣 全双",IF((MOD(H11,2)=1)+(MOD(I11,2)=1)+(MOD(J11,2)=1)=2,"◑ 偏单","◑ 偏双")))) | M11: =IF(D11="","",IF(D10="",1,IF(ISNUMBER(SEARCH("大",K11))=ISNUMBER(SEARCH("大",K10)),M10+1,1))) | N11: =IF(M11="","",IF(M11>=4,"🚨 "&M11&"期·警惕反转",IF(M11=3,"⚠️ 3期连续","—"))) | O11: =IF(K11="","—",IF(ISNUMBER(SEARCH("大",K11)),IF(OR(K11="🔴 全大"),IF(M11>=4,"大xxx 强·⚠️反转?",IF(M11=3,"大xxx 强·连3期","大xxx ✅强用")),"大xxx △弱参考"),IF(OR(K11="🔵 全小"),IF(M11>=4,"小xxx 强·⚠️反转?",IF(M11=3,"小xxx 强·连3期","小xxx ✅强用")),"小xxx △弱参考"))) | Q11: =IF(D11="","",VALUE(MID(TEXT(D11,"0000"),2,1))) | R11: =IF(E11="","",VALUE(MID(TEXT(E11,"0000"),2,1))) | S11: =IF(F11="","",VALUE(MID(TEXT(F11,"0000"),2,1))) | T11: =IF(D11="","",IF(COUNTIF(Q11:S11,">=5")=3,"🔴 全大",IF(COUNTIF(Q11:S11,">=5")=0,"🔵 全小",IF(COUNTIF(Q11:S11,">=5")=2,"▲ 偏大","▼ 偏小")))) | U11: =IF(D11="","",IF((MOD(Q11,2)=1)+(MOD(R11,2)=1)+(MOD(S11,2)=1)=3,"⚫ 全单",IF((MOD(Q11,2)=1)+(MOD(R11,2)=1)+(MOD(S11,2)=1)=0,"🟣 全双",IF((MOD(Q11,2)=1)+(MOD(R11,2)=1)+(MOD(S11,2)=1)=2,"◑ 偏单","◑ 偏双")))) | V11: =IF(D11="","",IF(D10="",1,IF(ISNUMBER(SEARCH("大",T11))=ISNUMBER(SEARCH("大",T10)),V10+1,1))) | W11: =IF(V11="","",IF(V11>=4,"🚨 "&V11&"期·警惕反转",IF(V11=3,"⚠️ 3期连续","—"))) | X11: =IF(T11="","—",IF(ISNUMBER(SEARCH("大",T11)),IF(OR(T11="🔴 全大"),IF(V11>=4,"x大xx 强·⚠️反转?",IF(V11=3,"x大xx 强·连3期","x大xx ✅强用")),"x大xx △弱参考"),IF(OR(T11="🔵 全小"),IF(V11>=4,"x小xx 强·⚠️反转?",IF(V11=3,"x小xx 强·连3期","x小xx ✅强用")),"x小xx △弱参考"))) | Z11: =IF(D11="","",VALUE(MID(TEXT(D11,"0000"),3,1))) | AA11: =IF(E11="","",VALUE(MID(TEXT(E11,"0000"),3,1))) | AB11: =IF(F11="","",VALUE(MID(TEXT(F11,"0000"),3,1))) | AC11: =IF(D11="","",IF(COUNTIF(Z11:AB11,">=5")=3,"🔴 全大",IF(COUNTIF(Z11:AB11,">=5")=0,"🔵 全小",IF(COUNTIF(Z11:AB11,">=5")=2,"▲ 偏大","▼ 偏小")))) | AD11: =IF(D11="","",IF((MOD(Z11,2)=1)+(MOD(AA11,2)=1)+(MOD(AB11,2)=1)=3,"⚫ 全单",IF((MOD(Z11,2)=1)+(MOD(AA11,2)=1)+(MOD(AB11,2)=1)=0,"🟣 全双",IF((MOD(Z11,2)=1)+(MOD(AA11,2)=1)+(MOD(AB11,2)=1)=2,"◑ 偏单","◑ 偏双")))) | AE11: =IF(D11="","",IF(D10="",1,IF(ISNUMBER(SEARCH("大",AC11))=ISNUMBER(SEARCH("大",AC10)),AE10+1,1))) | AF11: =IF(AE11="","",IF(AE11>=4,"🚨 "&AE11&"期·警惕反转",IF(AE11=3,"⚠️ 3期连续","—"))) | AG11: =IF(AC11="","—",IF(ISNUMBER(SEARCH("大",AC11)),IF(OR(AC11="🔴 全大"),IF(AE11>=4,"xx大x 强·⚠️反转?",IF(AE11=3,"xx大x 强·连3期","xx大x ✅强用")),"xx大x △弱参考"),IF(OR(AC11="🔵 全小"),IF(AE11>=4,"xx小x 强·⚠️反转?",IF(AE11=3,"xx小x 强·连3期","xx小x ✅强用")),"xx小x △弱参考"))) | AI11: =IF(D11="","",VALUE(MID(TEXT(D11,"0000"),4,1))) | AJ11: =IF(E11="","",VALUE(MID(TEXT(E11,"0000"),4,1))) | AK11: =IF(F11="","",VALUE(MID(TEXT(F11,"0000"),4,1))) | AL11: =IF(D11="","",IF(COUNTIF(AI11:AK11,">=5")=3,"🔴 全大",IF(COUNTIF(AI11:AK11,">=5")=0,"🔵 全小",IF(COUNTIF(AI11:AK11,">=5")=2,"▲ 偏大","▼ 偏小")))) | AM11: =IF(D11="","",IF((MOD(AI11,2)=1)+(MOD(AJ11,2)=1)+(MOD(AK11,2)=1)=3,"⚫ 全单",IF((MOD(AI11,2)=1)+(MOD(AJ11,2)=1)+(MOD(AK11,2)=1)=0,"🟣 全双",IF((MOD(AI11,2)=1)+(MOD(AJ11,2)=1)+(MOD(AK11,2)=1)=2,"◑ 偏单","◑ 偏双")))) | AN11: =IF(D11="","",IF(D10="",1,IF(ISNUMBER(SEARCH("大",AL11))=ISNUMBER(SEARCH("大",AL10)),AN10+1,1))) | AO11: =IF(AN11="","",IF(AN11>=4,"🚨 "&AN11&"期·警惕反转",IF(AN11=3,"⚠️ 3期连续","—"))) | AP11: =IF(AL11="","—",IF(ISNUMBER(SEARCH("大",AL11)),IF(OR(AL11="🔴 全大"),IF(AN11>=4,"xxx大 强·⚠️反转?",IF(AN11=3,"xxx大 强·连3期","xxx大 ✅强用")),"xxx大 △弱参考"),IF(OR(AL11="🔵 全小"),IF(AN11>=4,"xxx小 强·⚠️反转?",IF(AN11=3,"xxx小 强·连3期","xxx小 ✅强用")),"xxx小 △弱参考"))) | AR11: =IF(OR(D11="",D10=""),"—",IF(K10="","—",IF(ISNUMBER(SEARCH("大",K10)),IF(COUNTIF(H11:J11,">=5")>=2,"✅","❌"),IF(COUNTIF(H11:J11,">=5")<=1,"✅","❌")))) | AS11: =IF(OR(D11="",D10=""),"—",IF(T10="","—",IF(ISNUMBER(SEARCH("大",T10)),IF(COUNTIF(Q11:S11,">=5")>=2,"✅","❌"),IF(COUNTIF(Q11:S11,">=5")<=1,"✅","❌")))) | AT11: =IF(OR(D11="",D10=""),"—",IF(AC10="","—",IF(ISNUMBER(SEARCH("大",AC10)),IF(COUNTIF(Z11:AB11,">=5")>=2,"✅","❌"),IF(COUNTIF(Z11:AB11,">=5")<=1,"✅","❌")))) | AU11: =IF(OR(D11="",D10=""),"—",IF(AL10="","—",IF(ISNUMBER(SEARCH("大",AL10)),IF(COUNTIF(AI11:AK11,">=5")>=2,"✅","❌"),IF(COUNTIF(AI11:AK11,">=5")<=1,"✅","❌"))))
A12: 8 | B12: 2026-05-17 | C12: 万能 | D12: 4143 | E12: 3012 | F12: 0034 | H12: =IF(D12="","",VALUE(MID(TEXT(D12,"0000"),1,1))) | I12: =IF(E12="","",VALUE(MID(TEXT(E12,"0000"),1,1))) | J12: =IF(F12="","",VALUE(MID(TEXT(F12,"0000"),1,1))) | K12: =IF(D12="","",IF(COUNTIF(H12:J12,">=5")=3,"🔴 全大",IF(COUNTIF(H12:J12,">=5")=0,"🔵 全小",IF(COUNTIF(H12:J12,">=5")=2,"▲ 偏大","▼ 偏小")))) | L12: =IF(D12="","",IF((MOD(H12,2)=1)+(MOD(I12,2)=1)+(MOD(J12,2)=1)=3,"⚫ 全单",IF((MOD(H12,2)=1)+(MOD(I12,2)=1)+(MOD(J12,2)=1)=0,"🟣 全双",IF((MOD(H12,2)=1)+(MOD(I12,2)=1)+(MOD(J12,2)=1)=2,"◑ 偏单","◑ 偏双")))) | M12: =IF(D12="","",IF(D11="",1,IF(ISNUMBER(SEARCH("大",K12))=ISNUMBER(SEARCH("大",K11)),M11+1,1))) | N12: =IF(M12="","",IF(M12>=4,"🚨 "&M12&"期·警惕反转",IF(M12=3,"⚠️ 3期连续","—"))) | O12: =IF(K12="","—",IF(ISNUMBER(SEARCH("大",K12)),IF(OR(K12="🔴 全大"),IF(M12>=4,"大xxx 强·⚠️反转?",IF(M12=3,"大xxx 强·连3期","大xxx ✅强用")),"大xxx △弱参考"),IF(OR(K12="🔵 全小"),IF(M12>=4,"小xxx 强·⚠️反转?",IF(M12=3,"小xxx 强·连3期","小xxx ✅强用")),"小xxx △弱参考"))) | Q12: =IF(D12="","",VALUE(MID(TEXT(D12,"0000"),2,1))) | R12: =IF(E12="","",VALUE(MID(TEXT(E12,"0000"),2,1))) | S12: =IF(F12="","",VALUE(MID(TEXT(F12,"0000"),2,1))) | T12: =IF(D12="","",IF(COUNTIF(Q12:S12,">=5")=3,"🔴 全大",IF(COUNTIF(Q12:S12,">=5")=0,"🔵 全小",IF(COUNTIF(Q12:S12,">=5")=2,"▲ 偏大","▼ 偏小")))) | U12: =IF(D12="","",IF((MOD(Q12,2)=1)+(MOD(R12,2)=1)+(MOD(S12,2)=1)=3,"⚫ 全单",IF((MOD(Q12,2)=1)+(MOD(R12,2)=1)+(MOD(S12,2)=1)=0,"🟣 全双",IF((MOD(Q12,2)=1)+(MOD(R12,2)=1)+(MOD(S12,2)=1)=2,"◑ 偏单","◑ 偏双")))) | V12: =IF(D12="","",IF(D11="",1,IF(ISNUMBER(SEARCH("大",T12))=ISNUMBER(SEARCH("大",T11)),V11+1,1))) | W12: =IF(V12="","",IF(V12>=4,"🚨 "&V12&"期·警惕反转",IF(V12=3,"⚠️ 3期连续","—"))) | X12: =IF(T12="","—",IF(ISNUMBER(SEARCH("大",T12)),IF(OR(T12="🔴 全大"),IF(V12>=4,"x大xx 强·⚠️反转?",IF(V12=3,"x大xx 强·连3期","x大xx ✅强用")),"x大xx △弱参考"),IF(OR(T12="🔵 全小"),IF(V12>=4,"x小xx 强·⚠️反转?",IF(V12=3,"x小xx 强·连3期","x小xx ✅强用")),"x小xx △弱参考"))) | Z12: =IF(D12="","",VALUE(MID(TEXT(D12,"0000"),3,1))) | AA12: =IF(E12="","",VALUE(MID(TEXT(E12,"0000"),3,1))) | AB12: =IF(F12="","",VALUE(MID(TEXT(F12,"0000"),3,1))) | AC12: =IF(D12="","",IF(COUNTIF(Z12:AB12,">=5")=3,"🔴 全大",IF(COUNTIF(Z12:AB12,">=5")=0,"🔵 全小",IF(COUNTIF(Z12:AB12,">=5")=2,"▲ 偏大","▼ 偏小")))) | AD12: =IF(D12="","",IF((MOD(Z12,2)=1)+(MOD(AA12,2)=1)+(MOD(AB12,2)=1)=3,"⚫ 全单",IF((MOD(Z12,2)=1)+(MOD(AA12,2)=1)+(MOD(AB12,2)=1)=0,"🟣 全双",IF((MOD(Z12,2)=1)+(MOD(AA12,2)=1)+(MOD(AB12,2)=1)=2,"◑ 偏单","◑ 偏双")))) | AE12: =IF(D12="","",IF(D11="",1,IF(ISNUMBER(SEARCH("大",AC12))=ISNUMBER(SEARCH("大",AC11)),AE11+1,1))) | AF12: =IF(AE12="","",IF(AE12>=4,"🚨 "&AE12&"期·警惕反转",IF(AE12=3,"⚠️ 3期连续","—"))) | AG12: =IF(AC12="","—",IF(ISNUMBER(SEARCH("大",AC12)),IF(OR(AC12="🔴 全大"),IF(AE12>=4,"xx大x 强·⚠️反转?",IF(AE12=3,"xx大x 强·连3期","xx大x ✅强用")),"xx大x △弱参考"),IF(OR(AC12="🔵 全小"),IF(AE12>=4,"xx小x 强·⚠️反转?",IF(AE12=3,"xx小x 强·连3期","xx小x ✅强用")),"xx小x △弱参考"))) | AI12: =IF(D12="","",VALUE(MID(TEXT(D12,"0000"),4,1))) | AJ12: =IF(E12="","",VALUE(MID(TEXT(E12,"0000"),4,1))) | AK12: =IF(F12="","",VALUE(MID(TEXT(F12,"0000"),4,1))) | AL12: =IF(D12="","",IF(COUNTIF(AI12:AK12,">=5")=3,"🔴 全大",IF(COUNTIF(AI12:AK12,">=5")=0,"🔵 全小",IF(COUNTIF(AI12:AK12,">=5")=2,"▲ 偏大","▼ 偏小")))) | AM12: =IF(D12="","",IF((MOD(AI12,2)=1)+(MOD(AJ12,2)=1)+(MOD(AK12,2)=1)=3,"⚫ 全单",IF((MOD(AI12,2)=1)+(MOD(AJ12,2)=1)+(MOD(AK12,2)=1)=0,"🟣 全双",IF((MOD(AI12,2)=1)+(MOD(AJ12,2)=1)+(MOD(AK12,2)=1)=2,"◑ 偏单","◑ 偏双")))) | AN12: =IF(D12="","",IF(D11="",1,IF(ISNUMBER(SEARCH("大",AL12))=ISNUMBER(SEARCH("大",AL11)),AN11+1,1))) | AO12: =IF(AN12="","",IF(AN12>=4,"🚨 "&AN12&"期·警惕反转",IF(AN12=3,"⚠️ 3期连续","—"))) | AP12: =IF(AL12="","—",IF(ISNUMBER(SEARCH("大",AL12)),IF(OR(AL12="🔴 全大"),IF(AN12>=4,"xxx大 强·⚠️反转?",IF(AN12=3,"xxx大 强·连3期","xxx大 ✅强用")),"xxx大 △弱参考"),IF(OR(AL12="🔵 全小"),IF(AN12>=4,"xxx小 强·⚠️反转?",IF(AN12=3,"xxx小 强·连3期","xxx小 ✅强用")),"xxx小 △弱参考"))) | AR12: =IF(OR(D12="",D11=""),"—",IF(K11="","—",IF(ISNUMBER(SEARCH("大",K11)),IF(COUNTIF(H12:J12,">=5")>=2,"✅","❌"),IF(COUNTIF(H12:J12,">=5")<=1,"✅","❌")))) | AS12: =IF(OR(D12="",D11=""),"—",IF(T11="","—",IF(ISNUMBER(SEARCH("大",T11)),IF(COUNTIF(Q12:S12,">=5")>=2,"✅","❌"),IF(COUNTIF(Q12:S12,">=5")<=1,"✅","❌")))) | AT12: =IF(OR(D12="",D11=""),"—",IF(AC11="","—",IF(ISNUMBER(SEARCH("大",AC11)),IF(COUNTIF(Z12:AB12,">=5")>=2,"✅","❌"),IF(COUNTIF(Z12:AB12,">=5")<=1,"✅","❌")))) | AU12: =IF(OR(D12="",D11=""),"—",IF(AL11="","—",IF(ISNUMBER(SEARCH("大",AL11)),IF(COUNTIF(AI12:AK12,">=5")>=2,"✅","❌"),IF(COUNTIF(AI12:AK12,">=5")<=1,"✅","❌"))))
A13: 9 | B13: 2026-05-20 | C13: 万能 | D13: 9351 | E13: 2679 | F13: 2099 | H13: =IF(D13="","",VALUE(MID(TEXT(D13,"0000"),1,1))) | I13: =IF(E13="","",VALUE(MID(TEXT(E13,"0000"),1,1))) | J13: =IF(F13="","",VALUE(MID(TEXT(F13,"0000"),1,1))) | K13: =IF(D13="","",IF(COUNTIF(H13:J13,">=5")=3,"🔴 全大",IF(COUNTIF(H13:J13,">=5")=0,"🔵 全小",IF(COUNTIF(H13:J13,">=5")=2,"▲ 偏大","▼ 偏小")))) | L13: =IF(D13="","",IF((MOD(H13,2)=1)+(MOD(I13,2)=1)+(MOD(J13,2)=1)=3,"⚫ 全单",IF((MOD(H13,2)=1)+(MOD(I13,2)=1)+(MOD(J13,2)=1)=0,"🟣 全双",IF((MOD(H13,2)=1)+(MOD(I13,2)=1)+(MOD(J13,2)=1)=2,"◑ 偏单","◑ 偏双")))) | M13: =IF(D13="","",IF(D12="",1,IF(ISNUMBER(SEARCH("大",K13))=ISNUMBER(SEARCH("大",K12)),M12+1,1))) | N13: =IF(M13="","",IF(M13>=4,"🚨 "&M13&"期·警惕反转",IF(M13=3,"⚠️ 3期连续","—"))) | O13: =IF(K13="","—",IF(ISNUMBER(SEARCH("大",K13)),IF(OR(K13="🔴 全大"),IF(M13>=4,"大xxx 强·⚠️反转?",IF(M13=3,"大xxx 强·连3期","大xxx ✅强用")),"大xxx △弱参考"),IF(OR(K13="🔵 全小"),IF(M13>=4,"小xxx 强·⚠️反转?",IF(M13=3,"小xxx 强·连3期","小xxx ✅强用")),"小xxx △弱参考"))) | Q13: =IF(D13="","",VALUE(MID(TEXT(D13,"0000"),2,1))) | R13: =IF(E13="","",VALUE(MID(TEXT(E13,"0000"),2,1))) | S13: =IF(F13="","",VALUE(MID(TEXT(F13,"0000"),2,1))) | T13: =IF(D13="","",IF(COUNTIF(Q13:S13,">=5")=3,"🔴 全大",IF(COUNTIF(Q13:S13,">=5")=0,"🔵 全小",IF(COUNTIF(Q13:S13,">=5")=2,"▲ 偏大","▼ 偏小")))) | U13: =IF(D13="","",IF((MOD(Q13,2)=1)+(MOD(R13,2)=1)+(MOD(S13,2)=1)=3,"⚫ 全单",IF((MOD(Q13,2)=1)+(MOD(R13,2)=1)+(MOD(S13,2)=1)=0,"🟣 全双",IF((MOD(Q13,2)=1)+(MOD(R13,2)=1)+(MOD(S13,2)=1)=2,"◑ 偏单","◑ 偏双")))) | V13: =IF(D13="","",IF(D12="",1,IF(ISNUMBER(SEARCH("大",T13))=ISNUMBER(SEARCH("大",T12)),V12+1,1))) | W13: =IF(V13="","",IF(V13>=4,"🚨 "&V13&"期·警惕反转",IF(V13=3,"⚠️ 3期连续","—"))) | X13: =IF(T13="","—",IF(ISNUMBER(SEARCH("大",T13)),IF(OR(T13="🔴 全大"),IF(V13>=4,"x大xx 强·⚠️反转?",IF(V13=3,"x大xx 强·连3期","x大xx ✅强用")),"x大xx △弱参考"),IF(OR(T13="🔵 全小"),IF(V13>=4,"x小xx 强·⚠️反转?",IF(V13=3,"x小xx 强·连3期","x小xx ✅强用")),"x小xx △弱参考"))) | Z13: =IF(D13="","",VALUE(MID(TEXT(D13,"0000"),3,1))) | AA13: =IF(E13="","",VALUE(MID(TEXT(E13,"0000"),3,1))) | AB13: =IF(F13="","",VALUE(MID(TEXT(F13,"0000"),3,1))) | AC13: =IF(D13="","",IF(COUNTIF(Z13:AB13,">=5")=3,"🔴 全大",IF(COUNTIF(Z13:AB13,">=5")=0,"🔵 全小",IF(COUNTIF(Z13:AB13,">=5")=2,"▲ 偏大","▼ 偏小")))) | AD13: =IF(D13="","",IF((MOD(Z13,2)=1)+(MOD(AA13,2)=1)+(MOD(AB13,2)=1)=3,"⚫ 全单",IF((MOD(Z13,2)=1)+(MOD(AA13,2)=1)+(MOD(AB13,2)=1)=0,"🟣 全双",IF((MOD(Z13,2)=1)+(MOD(AA13,2)=1)+(MOD(AB13,2)=1)=2,"◑ 偏单","◑ 偏双")))) | AE13: =IF(D13="","",IF(D12="",1,IF(ISNUMBER(SEARCH("大",AC13))=ISNUMBER(SEARCH("大",AC12)),AE12+1,1))) | AF13: =IF(AE13="","",IF(AE13>=4,"🚨 "&AE13&"期·警惕反转",IF(AE13=3,"⚠️ 3期连续","—"))) | AG13: =IF(AC13="","—",IF(ISNUMBER(SEARCH("大",AC13)),IF(OR(AC13="🔴 全大"),IF(AE13>=4,"xx大x 强·⚠️反转?",IF(AE13=3,"xx大x 强·连3期","xx大x ✅强用")),"xx大x △弱参考"),IF(OR(AC13="🔵 全小"),IF(AE13>=4,"xx小x 强·⚠️反转?",IF(AE13=3,"xx小x 强·连3期","xx小x ✅强用")),"xx小x △弱参考"))) | AI13: =IF(D13="","",VALUE(MID(TEXT(D13,"0000"),4,1))) | AJ13: =IF(E13="","",VALUE(MID(TEXT(E13,"0000"),4,1))) | AK13: =IF(F13="","",VALUE(MID(TEXT(F13,"0000"),4,1))) | AL13: =IF(D13="","",IF(COUNTIF(AI13:AK13,">=5")=3,"🔴 全大",IF(COUNTIF(AI13:AK13,">=5")=0,"🔵 全小",IF(COUNTIF(AI13:AK13,">=5")=2,"▲ 偏大","▼ 偏小")))) | AM13: =IF(D13="","",IF((MOD(AI13,2)=1)+(MOD(AJ13,2)=1)+(MOD(AK13,2)=1)=3,"⚫ 全单",IF((MOD(AI13,2)=1)+(MOD(AJ13,2)=1)+(MOD(AK13,2)=1)=0,"🟣 全双",IF((MOD(AI13,2)=1)+(MOD(AJ13,2)=1)+(MOD(AK13,2)=1)=2,"◑ 偏单","◑ 偏双")))) | AN13: =IF(D13="","",IF(D12="",1,IF(ISNUMBER(SEARCH("大",AL13))=ISNUMBER(SEARCH("大",AL12)),AN12+1,1))) | AO13: =IF(AN13="","",IF(AN13>=4,"🚨 "&AN13&"期·警惕反转",IF(AN13=3,"⚠️ 3期连续","—"))) | AP13: =IF(AL13="","—",IF(ISNUMBER(SEARCH("大",AL13)),IF(OR(AL13="🔴 全大"),IF(AN13>=4,"xxx大 强·⚠️反转?",IF(AN13=3,"xxx大 强·连3期","xxx大 ✅强用")),"xxx大 △弱参考"),IF(OR(AL13="🔵 全小"),IF(AN13>=4,"xxx小 强·⚠️反转?",IF(AN13=3,"xxx小 强·连3期","xxx小 ✅强用")),"xxx小 △弱参考"))) | AR13: =IF(OR(D13="",D12=""),"—",IF(K12="","—",IF(ISNUMBER(SEARCH("大",K12)),IF(COUNTIF(H13:J13,">=5")>=2,"✅","❌"),IF(COUNTIF(H13:J13,">=5")<=1,"✅","❌")))) | AS13: =IF(OR(D13="",D12=""),"—",IF(T12="","—",IF(ISNUMBER(SEARCH("大",T12)),IF(COUNTIF(Q13:S13,">=5")>=2,"✅","❌"),IF(COUNTIF(Q13:S13,">=5")<=1,"✅","❌")))) | AT13: =IF(OR(D13="",D12=""),"—",IF(AC12="","—",IF(ISNUMBER(SEARCH("大",AC12)),IF(COUNTIF(Z13:AB13,">=5")>=2,"✅","❌"),IF(COUNTIF(Z13:AB13,">=5")<=1,"✅","❌")))) | AU13: =IF(OR(D13="",D12=""),"—",IF(AL12="","—",IF(ISNUMBER(SEARCH("大",AL12)),IF(COUNTIF(AI13:AK13,">=5")>=2,"✅","❌"),IF(COUNTIF(AI13:AK13,">=5")<=1,"✅","❌"))))
A14: 10 | B14: 2026-05-23 | C14: 万能 | D14: 0848 | E14: 8166 | F14: 2833 | H14: =IF(D14="","",VALUE(MID(TEXT(D14,"0000"),1,1))) | I14: =IF(E14="","",VALUE(MID(TEXT(E14,"0000"),1,1))) | J14: =IF(F14="","",VALUE(MID(TEXT(F14,"0000"),1,1))) | K14: =IF(D14="","",IF(COUNTIF(H14:J14,">=5")=3,"🔴 全大",IF(COUNTIF(H14:J14,">=5")=0,"🔵 全小",IF(COUNTIF(H14:J14,">=5")=2,"▲ 偏大","▼ 偏小")))) | L14: =IF(D14="","",IF((MOD(H14,2)=1)+(MOD(I14,2)=1)+(MOD(J14,2)=1)=3,"⚫ 全单",IF((MOD(H14,2)=1)+(MOD(I14,2)=1)+(MOD(J14,2)=1)=0,"🟣 全双",IF((MOD(H14,2)=1)+(MOD(I14,2)=1)+(MOD(J14,2)=1)=2,"◑ 偏单","◑ 偏双")))) | M14: =IF(D14="","",IF(D13="",1,IF(ISNUMBER(SEARCH("大",K14))=ISNUMBER(SEARCH("大",K13)),M13+1,1))) | N14: =IF(M14="","",IF(M14>=4,"🚨 "&M14&"期·警惕反转",IF(M14=3,"⚠️ 3期连续","—"))) | O14: =IF(K14="","—",IF(ISNUMBER(SEARCH("大",K14)),IF(OR(K14="🔴 全大"),IF(M14>=4,"大xxx 强·⚠️反转?",IF(M14=3,"大xxx 强·连3期","大xxx ✅强用")),"大xxx △弱参考"),IF(OR(K14="🔵 全小"),IF(M14>=4,"小xxx 强·⚠️反转?",IF(M14=3,"小xxx 强·连3期","小xxx ✅强用")),"小xxx △弱参考"))) | Q14: =IF(D14="","",VALUE(MID(TEXT(D14,"0000"),2,1))) | R14: =IF(E14="","",VALUE(MID(TEXT(E14,"0000"),2,1))) | S14: =IF(F14="","",VALUE(MID(TEXT(F14,"0000"),2,1))) | T14: =IF(D14="","",IF(COUNTIF(Q14:S14,">=5")=3,"🔴 全大",IF(COUNTIF(Q14:S14,">=5")=0,"🔵 全小",IF(COUNTIF(Q14:S14,">=5")=2,"▲ 偏大","▼ 偏小")))) | U14: =IF(D14="","",IF((MOD(Q14,2)=1)+(MOD(R14,2)=1)+(MOD(S14,2)=1)=3,"⚫ 全单",IF((MOD(Q14,2)=1)+(MOD(R14,2)=1)+(MOD(S14,2)=1)=0,"🟣 全双",IF((MOD(Q14,2)=1)+(MOD(R14,2)=1)+(MOD(S14,2)=1)=2,"◑ 偏单","◑ 偏双")))) | V14: =IF(D14="","",IF(D13="",1,IF(ISNUMBER(SEARCH("大",T14))=ISNUMBER(SEARCH("大",T13)),V13+1,1))) | W14: =IF(V14="","",IF(V14>=4,"🚨 "&V14&"期·警惕反转",IF(V14=3,"⚠️ 3期连续","—"))) | X14: =IF(T14="","—",IF(ISNUMBER(SEARCH("大",T14)),IF(OR(T14="🔴 全大"),IF(V14>=4,"x大xx 强·⚠️反转?",IF(V14=3,"x大xx 强·连3期","x大xx ✅强用")),"x大xx △弱参考"),IF(OR(T14="🔵 全小"),IF(V14>=4,"x小xx 强·⚠️反转?",IF(V14=3,"x小xx 强·连3期","x小xx ✅强用")),"x小xx △弱参考"))) | Z14: =IF(D14="","",VALUE(MID(TEXT(D14,"0000"),3,1))) | AA14: =IF(E14="","",VALUE(MID(TEXT(E14,"0000"),3,1))) | AB14: =IF(F14="","",VALUE(MID(TEXT(F14,"0000"),3,1))) | AC14: =IF(D14="","",IF(COUNTIF(Z14:AB14,">=5")=3,"🔴 全大",IF(COUNTIF(Z14:AB14,">=5")=0,"🔵 全小",IF(COUNTIF(Z14:AB14,">=5")=2,"▲ 偏大","▼ 偏小")))) | AD14: =IF(D14="","",IF((MOD(Z14,2)=1)+(MOD(AA14,2)=1)+(MOD(AB14,2)=1)=3,"⚫ 全单",IF((MOD(Z14,2)=1)+(MOD(AA14,2)=1)+(MOD(AB14,2)=1)=0,"🟣 全双",IF((MOD(Z14,2)=1)+(MOD(AA14,2)=1)+(MOD(AB14,2)=1)=2,"◑ 偏单","◑ 偏双")))) | AE14: =IF(D14="","",IF(D13="",1,IF(ISNUMBER(SEARCH("大",AC14))=ISNUMBER(SEARCH("大",AC13)),AE13+1,1))) | AF14: =IF(AE14="","",IF(AE14>=4,"🚨 "&AE14&"期·警惕反转",IF(AE14=3,"⚠️ 3期连续","—"))) | AG14: =IF(AC14="","—",IF(ISNUMBER(SEARCH("大",AC14)),IF(OR(AC14="🔴 全大"),IF(AE14>=4,"xx大x 强·⚠️反转?",IF(AE14=3,"xx大x 强·连3期","xx大x ✅强用")),"xx大x △弱参考"),IF(OR(AC14="🔵 全小"),IF(AE14>=4,"xx小x 强·⚠️反转?",IF(AE14=3,"xx小x 强·连3期","xx小x ✅强用")),"xx小x △弱参考"))) | AI14: =IF(D14="","",VALUE(MID(TEXT(D14,"0000"),4,1))) | AJ14: =IF(E14="","",VALUE(MID(TEXT(E14,"0000"),4,1))) | AK14: =IF(F14="","",VALUE(MID(TEXT(F14,"0000"),4,1))) | AL14: =IF(D14="","",IF(COUNTIF(AI14:AK14,">=5")=3,"🔴 全大",IF(COUNTIF(AI14:AK14,">=5")=0,"🔵 全小",IF(COUNTIF(AI14:AK14,">=5")=2,"▲ 偏大","▼ 偏小")))) | AM14: =IF(D14="","",IF((MOD(AI14,2)=1)+(MOD(AJ14,2)=1)+(MOD(AK14,2)=1)=3,"⚫ 全单",IF((MOD(AI14,2)=1)+(MOD(AJ14,2)=1)+(MOD(AK14,2)=1)=0,"🟣 全双",IF((MOD(AI14,2)=1)+(MOD(AJ14,2)=1)+(MOD(AK14,2)=1)=2,"◑ 偏单","◑ 偏双")))) | AN14: =IF(D14="","",IF(D13="",1,IF(ISNUMBER(SEARCH("大",AL14))=ISNUMBER(SEARCH("大",AL13)),AN13+1,1))) | AO14: =IF(AN14="","",IF(AN14>=4,"🚨 "&AN14&"期·警惕反转",IF(AN14=3,"⚠️ 3期连续","—"))) | AP14: =IF(AL14="","—",IF(ISNUMBER(SEARCH("大",AL14)),IF(OR(AL14="🔴 全大"),IF(AN14>=4,"xxx大 强·⚠️反转?",IF(AN14=3,"xxx大 强·连3期","xxx大 ✅强用")),"xxx大 △弱参考"),IF(OR(AL14="🔵 全小"),IF(AN14>=4,"xxx小 强·⚠️反转?",IF(AN14=3,"xxx小 强·连3期","xxx小 ✅强用")),"xxx小 △弱参考"))) | AR14: =IF(OR(D14="",D13=""),"—",IF(K13="","—",IF(ISNUMBER(SEARCH("大",K13)),IF(COUNTIF(H14:J14,">=5")>=2,"✅","❌"),IF(COUNTIF(H14:J14,">=5")<=1,"✅","❌")))) | AS14: =IF(OR(D14="",D13=""),"—",IF(T13="","—",IF(ISNUMBER(SEARCH("大",T13)),IF(COUNTIF(Q14:S14,">=5")>=2,"✅","❌"),IF(COUNTIF(Q14:S14,">=5")<=1,"✅","❌")))) | AT14: =IF(OR(D14="",D13=""),"—",IF(AC13="","—",IF(ISNUMBER(SEARCH("大",AC13)),IF(COUNTIF(Z14:AB14,">=5")>=2,"✅","❌"),IF(COUNTIF(Z14:AB14,">=5")<=1,"✅","❌")))) | AU14: =IF(OR(D14="",D13=""),"—",IF(AL13="","—",IF(ISNUMBER(SEARCH("大",AL13)),IF(COUNTIF(AI14:AK14,">=5")>=2,"✅","❌"),IF(COUNTIF(AI14:AK14,">=5")<=1,"✅","❌"))))
A15: 11 | B15: 2026-05-24 | C15: 万能 | D15: 2624 | E15: 3953 | F15: 3693 | H15: =IF(D15="","",VALUE(MID(TEXT(D15,"0000"),1,1))) | I15: =IF(E15="","",VALUE(MID(TEXT(E15,"0000"),1,1))) | J15: =IF(F15="","",VALUE(MID(TEXT(F15,"0000"),1,1))) | K15: =IF(D15="","",IF(COUNTIF(H15:J15,">=5")=3,"🔴 全大",IF(COUNTIF(H15:J15,">=5")=0,"🔵 全小",IF(COUNTIF(H15:J15,">=5")=2,"▲ 偏大","▼ 偏小")))) | L15: =IF(D15="","",IF((MOD(H15,2)=1)+(MOD(I15,2)=1)+(MOD(J15,2)=1)=3,"⚫ 全单",IF((MOD(H15,2)=1)+(MOD(I15,2)=1)+(MOD(J15,2)=1)=0,"🟣 全双",IF((MOD(H15,2)=1)+(MOD(I15,2)=1)+(MOD(J15,2)=1)=2,"◑ 偏单","◑ 偏双")))) | M15: =IF(D15="","",IF(D14="",1,IF(ISNUMBER(SEARCH("大",K15))=ISNUMBER(SEARCH("大",K14)),M14+1,1))) | N15: =IF(M15="","",IF(M15>=4,"🚨 "&M15&"期·警惕反转",IF(M15=3,"⚠️ 3期连续","—"))) | O15: =IF(K15="","—",IF(ISNUMBER(SEARCH("大",K15)),IF(OR(K15="🔴 全大"),IF(M15>=4,"大xxx 强·⚠️反转?",IF(M15=3,"大xxx 强·连3期","大xxx ✅强用")),"大xxx △弱参考"),IF(OR(K15="🔵 全小"),IF(M15>=4,"小xxx 强·⚠️反转?",IF(M15=3,"小xxx 强·连3期","小xxx ✅强用")),"小xxx △弱参考"))) | Q15: =IF(D15="","",VALUE(MID(TEXT(D15,"0000"),2,1))) | R15: =IF(E15="","",VALUE(MID(TEXT(E15,"0000"),2,1))) | S15: =IF(F15="","",VALUE(MID(TEXT(F15,"0000"),2,1))) | T15: =IF(D15="","",IF(COUNTIF(Q15:S15,">=5")=3,"🔴 全大",IF(COUNTIF(Q15:S15,">=5")=0,"🔵 全小",IF(COUNTIF(Q15:S15,">=5")=2,"▲ 偏大","▼ 偏小")))) | U15: =IF(D15="","",IF((MOD(Q15,2)=1)+(MOD(R15,2)=1)+(MOD(S15,2)=1)=3,"⚫ 全单",IF((MOD(Q15,2)=1)+(MOD(R15,2)=1)+(MOD(S15,2)=1)=0,"🟣 全双",IF((MOD(Q15,2)=1)+(MOD(R15,2)=1)+(MOD(S15,2)=1)=2,"◑ 偏单","◑ 偏双")))) | V15: =IF(D15="","",IF(D14="",1,IF(ISNUMBER(SEARCH("大",T15))=ISNUMBER(SEARCH("大",T14)),V14+1,1))) | W15: =IF(V15="","",IF(V15>=4,"🚨 "&V15&"期·警惕反转",IF(V15=3,"⚠️ 3期连续","—"))) | X15: =IF(T15="","—",IF(ISNUMBER(SEARCH("大",T15)),IF(OR(T15="🔴 全大"),IF(V15>=4,"x大xx 强·⚠️反转?",IF(V15=3,"x大xx 强·连3期","x大xx ✅强用")),"x大xx △弱参考"),IF(OR(T15="🔵 全小"),IF(V15>=4,"x小xx 强·⚠️反转?",IF(V15=3,"x小xx 强·连3期","x小xx ✅强用")),"x小xx △弱参考"))) | Z15: =IF(D15="","",VALUE(MID(TEXT(D15,"0000"),3,1))) | AA15: =IF(E15="","",VALUE(MID(TEXT(E15,"0000"),3,1))) | AB15: =IF(F15="","",VALUE(MID(TEXT(F15,"0000"),3,1))) | AC15: =IF(D15="","",IF(COUNTIF(Z15:AB15,">=5")=3,"🔴 全大",IF(COUNTIF(Z15:AB15,">=5")=0,"🔵 全小",IF(COUNTIF(Z15:AB15,">=5")=2,"▲ 偏大","▼ 偏小")))) | AD15: =IF(D15="","",IF((MOD(Z15,2)=1)+(MOD(AA15,2)=1)+(MOD(AB15,2)=1)=3,"⚫ 全单",IF((MOD(Z15,2)=1)+(MOD(AA15,2)=1)+(MOD(AB15,2)=1)=0,"🟣 全双",IF((MOD(Z15,2)=1)+(MOD(AA15,2)=1)+(MOD(AB15,2)=1)=2,"◑ 偏单","◑ 偏双")))) | AE15: =IF(D15="","",IF(D14="",1,IF(ISNUMBER(SEARCH("大",AC15))=ISNUMBER(SEARCH("大",AC14)),AE14+1,1))) | AF15: =IF(AE15="","",IF(AE15>=4,"🚨 "&AE15&"期·警惕反转",IF(AE15=3,"⚠️ 3期连续","—"))) | AG15: =IF(AC15="","—",IF(ISNUMBER(SEARCH("大",AC15)),IF(OR(AC15="🔴 全大"),IF(AE15>=4,"xx大x 强·⚠️反转?",IF(AE15=3,"xx大x 强·连3期","xx大x ✅强用")),"xx大x △弱参考"),IF(OR(AC15="🔵 全小"),IF(AE15>=4,"xx小x 强·⚠️反转?",IF(AE15=3,"xx小x 强·连3期","xx小x ✅强用")),"xx小x △弱参考"))) | AI15: =IF(D15="","",VALUE(MID(TEXT(D15,"0000"),4,1))) | AJ15: =IF(E15="","",VALUE(MID(TEXT(E15,"0000"),4,1))) | AK15: =IF(F15="","",VALUE(MID(TEXT(F15,"0000"),4,1))) | AL15: =IF(D15="","",IF(COUNTIF(AI15:AK15,">=5")=3,"🔴 全大",IF(COUNTIF(AI15:AK15,">=5")=0,"🔵 全小",IF(COUNTIF(AI15:AK15,">=5")=2,"▲ 偏大","▼ 偏小")))) | AM15: =IF(D15="","",IF((MOD(AI15,2)=1)+(MOD(AJ15,2)=1)+(MOD(AK15,2)=1)=3,"⚫ 全单",IF((MOD(AI15,2)=1)+(MOD(AJ15,2)=1)+(MOD(AK15,2)=1)=0,"🟣 全双",IF((MOD(AI15,2)=1)+(MOD(AJ15,2)=1)+(MOD(AK15,2)=1)=2,"◑ 偏单","◑ 偏双")))) | AN15: =IF(D15="","",IF(D14="",1,IF(ISNUMBER(SEARCH("大",AL15))=ISNUMBER(SEARCH("大",AL14)),AN14+1,1))) | AO15: =IF(AN15="","",IF(AN15>=4,"🚨 "&AN15&"期·警惕反转",IF(AN15=3,"⚠️ 3期连续","—"))) | AP15: =IF(AL15="","—",IF(ISNUMBER(SEARCH("大",AL15)),IF(OR(AL15="🔴 全大"),IF(AN15>=4,"xxx大 强·⚠️反转?",IF(AN15=3,"xxx大 强·连3期","xxx大 ✅强用")),"xxx大 △弱参考"),IF(OR(AL15="🔵 全小"),IF(AN15>=4,"xxx小 强·⚠️反转?",IF(AN15=3,"xxx小 强·连3期","xxx小 ✅强用")),"xxx小 △弱参考"))) | AR15: =IF(OR(D15="",D14=""),"—",IF(K14="","—",IF(ISNUMBER(SEARCH("大",K14)),IF(COUNTIF(H15:J15,">=5")>=2,"✅","❌"),IF(COUNTIF(H15:J15,">=5")<=1,"✅","❌")))) | AS15: =IF(OR(D15="",D14=""),"—",IF(T14="","—",IF(ISNUMBER(SEARCH("大",T14)),IF(COUNTIF(Q15:S15,">=5")>=2,"✅","❌"),IF(COUNTIF(Q15:S15,">=5")<=1,"✅","❌")))) | AT15: =IF(OR(D15="",D14=""),"—",IF(AC14="","—",IF(ISNUMBER(SEARCH("大",AC14)),IF(COUNTIF(Z15:AB15,">=5")>=2,"✅","❌"),IF(COUNTIF(Z15:AB15,">=5")<=1,"✅","❌")))) | AU15: =IF(OR(D15="",D14=""),"—",IF(AL14="","—",IF(ISNUMBER(SEARCH("大",AL14)),IF(COUNTIF(AI15:AK15,">=5")>=2,"✅","❌"),IF(COUNTIF(AI15:AK15,">=5")<=1,"✅","❌"))))
A16: 12 | B16: 2026-05-27 | C16: 万能 | D16: 9724 | E16: 9912 | F16: 7654 | H16: =IF(D16="","",VALUE(MID(TEXT(D16,"0000"),1,1))) | I16: =IF(E16="","",VALUE(MID(TEXT(E16,"0000"),1,1))) | J16: =IF(F16="","",VALUE(MID(TEXT(F16,"0000"),1,1))) | K16: =IF(D16="","",IF(COUNTIF(H16:J16,">=5")=3,"🔴 全大",IF(COUNTIF(H16:J16,">=5")=0,"🔵 全小",IF(COUNTIF(H16:J16,">=5")=2,"▲ 偏大","▼ 偏小")))) | L16: =IF(D16="","",IF((MOD(H16,2)=1)+(MOD(I16,2)=1)+(MOD(J16,2)=1)=3,"⚫ 全单",IF((MOD(H16,2)=1)+(MOD(I16,2)=1)+(MOD(J16,2)=1)=0,"🟣 全双",IF((MOD(H16,2)=1)+(MOD(I16,2)=1)+(MOD(J16,2)=1)=2,"◑ 偏单","◑ 偏双")))) | M16: =IF(D16="","",IF(D15="",1,IF(ISNUMBER(SEARCH("大",K16))=ISNUMBER(SEARCH("大",K15)),M15+1,1))) | N16: =IF(M16="","",IF(M16>=4,"🚨 "&M16&"期·警惕反转",IF(M16=3,"⚠️ 3期连续","—"))) | O16: =IF(K16="","—",IF(ISNUMBER(SEARCH("大",K16)),IF(OR(K16="🔴 全大"),IF(M16>=4,"大xxx 强·⚠️反转?",IF(M16=3,"大xxx 强·连3期","大xxx ✅强用")),"大xxx △弱参考"),IF(OR(K16="🔵 全小"),IF(M16>=4,"小xxx 强·⚠️反转?",IF(M16=3,"小xxx 强·连3期","小xxx ✅强用")),"小xxx △弱参考"))) | Q16: =IF(D16="","",VALUE(MID(TEXT(D16,"0000"),2,1))) | R16: =IF(E16="","",VALUE(MID(TEXT(E16,"0000"),2,1))) | S16: =IF(F16="","",VALUE(MID(TEXT(F16,"0000"),2,1))) | T16: =IF(D16="","",IF(COUNTIF(Q16:S16,">=5")=3,"🔴 全大",IF(COUNTIF(Q16:S16,">=5")=0,"🔵 全小",IF(COUNTIF(Q16:S16,">=5")=2,"▲ 偏大","▼ 偏小")))) | U16: =IF(D16="","",IF((MOD(Q16,2)=1)+(MOD(R16,2)=1)+(MOD(S16,2)=1)=3,"⚫ 全单",IF((MOD(Q16,2)=1)+(MOD(R16,2)=1)+(MOD(S16,2)=1)=0,"🟣 全双",IF((MOD(Q16,2)=1)+(MOD(R16,2)=1)+(MOD(S16,2)=1)=2,"◑ 偏单","◑ 偏双")))) | V16: =IF(D16="","",IF(D15="",1,IF(ISNUMBER(SEARCH("大",T16))=ISNUMBER(SEARCH("大",T15)),V15+1,1))) | W16: =IF(V16="","",IF(V16>=4,"🚨 "&V16&"期·警惕反转",IF(V16=3,"⚠️ 3期连续","—"))) | X16: =IF(T16="","—",IF(ISNUMBER(SEARCH("大",T16)),IF(OR(T16="🔴 全大"),IF(V16>=4,"x大xx 强·⚠️反转?",IF(V16=3,"x大xx 强·连3期","x大xx ✅强用")),"x大xx △弱参考"),IF(OR(T16="🔵 全小"),IF(V16>=4,"x小xx 强·⚠️反转?",IF(V16=3,"x小xx 强·连3期","x小xx ✅强用")),"x小xx △弱参考"))) | Z16: =IF(D16="","",VALUE(MID(TEXT(D16,"0000"),3,1))) | AA16: =IF(E16="","",VALUE(MID(TEXT(E16,"0000"),3,1))) | AB16: =IF(F16="","",VALUE(MID(TEXT(F16,"0000"),3,1))) | AC16: =IF(D16="","",IF(COUNTIF(Z16:AB16,">=5")=3,"🔴 全大",IF(COUNTIF(Z16:AB16,">=5")=0,"🔵 全小",IF(COUNTIF(Z16:AB16,">=5")=2,"▲ 偏大","▼ 偏小")))) | AD16: =IF(D16="","",IF((MOD(Z16,2)=1)+(MOD(AA16,2)=1)+(MOD(AB16,2)=1)=3,"⚫ 全单",IF((MOD(Z16,2)=1)+(MOD(AA16,2)=1)+(MOD(AB16,2)=1)=0,"🟣 全双",IF((MOD(Z16,2)=1)+(MOD(AA16,2)=1)+(MOD(AB16,2)=1)=2,"◑ 偏单","◑ 偏双")))) | AE16: =IF(D16="","",IF(D15="",1,IF(ISNUMBER(SEARCH("大",AC16))=ISNUMBER(SEARCH("大",AC15)),AE15+1,1))) | AF16: =IF(AE16="","",IF(AE16>=4,"🚨 "&AE16&"期·警惕反转",IF(AE16=3,"⚠️ 3期连续","—"))) | AG16: =IF(AC16="","—",IF(ISNUMBER(SEARCH("大",AC16)),IF(OR(AC16="🔴 全大"),IF(AE16>=4,"xx大x 强·⚠️反转?",IF(AE16=3,"xx大x 强·连3期","xx大x ✅强用")),"xx大x △弱参考"),IF(OR(AC16="🔵 全小"),IF(AE16>=4,"xx小x 强·⚠️反转?",IF(AE16=3,"xx小x 强·连3期","xx小x ✅强用")),"xx小x △弱参考"))) | AI16: =IF(D16="","",VALUE(MID(TEXT(D16,"0000"),4,1))) | AJ16: =IF(E16="","",VALUE(MID(TEXT(E16,"0000"),4,1))) | AK16: =IF(F16="","",VALUE(MID(TEXT(F16,"0000"),4,1))) | AL16: =IF(D16="","",IF(COUNTIF(AI16:AK16,">=5")=3,"🔴 全大",IF(COUNTIF(AI16:AK16,">=5")=0,"🔵 全小",IF(COUNTIF(AI16:AK16,">=5")=2,"▲ 偏大","▼ 偏小")))) | AM16: =IF(D16="","",IF((MOD(AI16,2)=1)+(MOD(AJ16,2)=1)+(MOD(AK16,2)=1)=3,"⚫ 全单",IF((MOD(AI16,2)=1)+(MOD(AJ16,2)=1)+(MOD(AK16,2)=1)=0,"🟣 全双",IF((MOD(AI16,2)=1)+(MOD(AJ16,2)=1)+(MOD(AK16,2)=1)=2,"◑ 偏单","◑ 偏双")))) | AN16: =IF(D16="","",IF(D15="",1,IF(ISNUMBER(SEARCH("大",AL16))=ISNUMBER(SEARCH("大",AL15)),AN15+1,1))) | AO16: =IF(AN16="","",IF(AN16>=4,"🚨 "&AN16&"期·警惕反转",IF(AN16=3,"⚠️ 3期连续","—"))) | AP16: =IF(AL16="","—",IF(ISNUMBER(SEARCH("大",AL16)),IF(OR(AL16="🔴 全大"),IF(AN16>=4,"xxx大 强·⚠️反转?",IF(AN16=3,"xxx大 强·连3期","xxx大 ✅强用")),"xxx大 △弱参考"),IF(OR(AL16="🔵 全小"),IF(AN16>=4,"xxx小 强·⚠️反转?",IF(AN16=3,"xxx小 强·连3期","xxx小 ✅强用")),"xxx小 △弱参考"))) | AR16: =IF(OR(D16="",D15=""),"—",IF(K15="","—",IF(ISNUMBER(SEARCH("大",K15)),IF(COUNTIF(H16:J16,">=5")>=2,"✅","❌"),IF(COUNTIF(H16:J16,">=5")<=1,"✅","❌")))) | AS16: =IF(OR(D16="",D15=""),"—",IF(T15="","—",IF(ISNUMBER(SEARCH("大",T15)),IF(COUNTIF(Q16:S16,">=5")>=2,"✅","❌"),IF(COUNTIF(Q16:S16,">=5")<=1,"✅","❌")))) | AT16: =IF(OR(D16="",D15=""),"—",IF(AC15="","—",IF(ISNUMBER(SEARCH("大",AC15)),IF(COUNTIF(Z16:AB16,">=5")>=2,"✅","❌"),IF(COUNTIF(Z16:AB16,">=5")<=1,"✅","❌")))) | AU16: =IF(OR(D16="",D15=""),"—",IF(AL15="","—",IF(ISNUMBER(SEARCH("大",AL15)),IF(COUNTIF(AI16:AK16,">=5")>=2,"✅","❌"),IF(COUNTIF(AI16:AK16,">=5")<=1,"✅","❌"))))
A17: 13 | B17: 2026-05-30 | C17: 万能 | D17: 6789 | E17: 9907 | F17: 9153 | H17: =IF(D17="","",VALUE(MID(TEXT(D17,"0000"),1,1))) | I17: =IF(E17="","",VALUE(MID(TEXT(E17,"0000"),1,1))) | J17: =IF(F17="","",VALUE(MID(TEXT(F17,"0000"),1,1))) | K17: =IF(D17="","",IF(COUNTIF(H17:J17,">=5")=3,"🔴 全大",IF(COUNTIF(H17:J17,">=5")=0,"🔵 全小",IF(COUNTIF(H17:J17,">=5")=2,"▲ 偏大","▼ 偏小")))) | L17: =IF(D17="","",IF((MOD(H17,2)=1)+(MOD(I17,2)=1)+(MOD(J17,2)=1)=3,"⚫ 全单",IF((MOD(H17,2)=1)+(MOD(I17,2)=1)+(MOD(J17,2)=1)=0,"🟣 全双",IF((MOD(H17,2)=1)+(MOD(I17,2)=1)+(MOD(J17,2)=1)=2,"◑ 偏单","◑ 偏双")))) | M17: =IF(D17="","",IF(D16="",1,IF(ISNUMBER(SEARCH("大",K17))=ISNUMBER(SEARCH("大",K16)),M16+1,1))) | N17: =IF(M17="","",IF(M17>=4,"🚨 "&M17&"期·警惕反转",IF(M17=3,"⚠️ 3期连续","—"))) | O17: =IF(K17="","—",IF(ISNUMBER(SEARCH("大",K17)),IF(OR(K17="🔴 全大"),IF(M17>=4,"大xxx 强·⚠️反转?",IF(M17=3,"大xxx 强·连3期","大xxx ✅强用")),"大xxx △弱参考"),IF(OR(K17="🔵 全小"),IF(M17>=4,"小xxx 强·⚠️反转?",IF(M17=3,"小xxx 强·连3期","小xxx ✅强用")),"小xxx △弱参考"))) | Q17: =IF(D17="","",VALUE(MID(TEXT(D17,"0000"),2,1))) | R17: =IF(E17="","",VALUE(MID(TEXT(E17,"0000"),2,1))) | S17: =IF(F17="","",VALUE(MID(TEXT(F17,"0000"),2,1))) | T17: =IF(D17="","",IF(COUNTIF(Q17:S17,">=5")=3,"🔴 全大",IF(COUNTIF(Q17:S17,">=5")=0,"🔵 全小",IF(COUNTIF(Q17:S17,">=5")=2,"▲ 偏大","▼ 偏小")))) | U17: =IF(D17="","",IF((MOD(Q17,2)=1)+(MOD(R17,2)=1)+(MOD(S17,2)=1)=3,"⚫ 全单",IF((MOD(Q17,2)=1)+(MOD(R17,2)=1)+(MOD(S17,2)=1)=0,"🟣 全双",IF((MOD(Q17,2)=1)+(MOD(R17,2)=1)+(MOD(S17,2)=1)=2,"◑ 偏单","◑ 偏双")))) | V17: =IF(D17="","",IF(D16="",1,IF(ISNUMBER(SEARCH("大",T17))=ISNUMBER(SEARCH("大",T16)),V16+1,1))) | W17: =IF(V17="","",IF(V17>=4,"🚨 "&V17&"期·警惕反转",IF(V17=3,"⚠️ 3期连续","—"))) | X17: =IF(T17="","—",IF(ISNUMBER(SEARCH("大",T17)),IF(OR(T17="🔴 全大"),IF(V17>=4,"x大xx 强·⚠️反转?",IF(V17=3,"x大xx 强·连3期","x大xx ✅强用")),"x大xx △弱参考"),IF(OR(T17="🔵 全小"),IF(V17>=4,"x小xx 强·⚠️反转?",IF(V17=3,"x小xx 强·连3期","x小xx ✅强用")),"x小xx △弱参考"))) | Z17: =IF(D17="","",VALUE(MID(TEXT(D17,"0000"),3,1))) | AA17: =IF(E17="","",VALUE(MID(TEXT(E17,"0000"),3,1))) | AB17: =IF(F17="","",VALUE(MID(TEXT(F17,"0000"),3,1))) | AC17: =IF(D17="","",IF(COUNTIF(Z17:AB17,">=5")=3,"🔴 全大",IF(COUNTIF(Z17:AB17,">=5")=0,"🔵 全小",IF(COUNTIF(Z17:AB17,">=5")=2,"▲ 偏大","▼ 偏小")))) | AD17: =IF(D17="","",IF((MOD(Z17,2)=1)+(MOD(AA17,2)=1)+(MOD(AB17,2)=1)=3,"⚫ 全单",IF((MOD(Z17,2)=1)+(MOD(AA17,2)=1)+(MOD(AB17,2)=1)=0,"🟣 全双",IF((MOD(Z17,2)=1)+(MOD(AA17,2)=1)+(MOD(AB17,2)=1)=2,"◑ 偏单","◑ 偏双")))) | AE17: =IF(D17="","",IF(D16="",1,IF(ISNUMBER(SEARCH("大",AC17))=ISNUMBER(SEARCH("大",AC16)),AE16+1,1))) | AF17: =IF(AE17="","",IF(AE17>=4,"🚨 "&AE17&"期·警惕反转",IF(AE17=3,"⚠️ 3期连续","—"))) | AG17: =IF(AC17="","—",IF(ISNUMBER(SEARCH("大",AC17)),IF(OR(AC17="🔴 全大"),IF(AE17>=4,"xx大x 强·⚠️反转?",IF(AE17=3,"xx大x 强·连3期","xx大x ✅强用")),"xx大x △弱参考"),IF(OR(AC17="🔵 全小"),IF(AE17>=4,"xx小x 强·⚠️反转?",IF(AE17=3,"xx小x 强·连3期","xx小x ✅强用")),"xx小x △弱参考"))) | AI17: =IF(D17="","",VALUE(MID(TEXT(D17,"0000"),4,1))) | AJ17: =IF(E17="","",VALUE(MID(TEXT(E17,"0000"),4,1))) | AK17: =IF(F17="","",VALUE(MID(TEXT(F17,"0000"),4,1))) | AL17: =IF(D17="","",IF(COUNTIF(AI17:AK17,">=5")=3,"🔴 全大",IF(COUNTIF(AI17:AK17,">=5")=0,"🔵 全小",IF(COUNTIF(AI17:AK17,">=5")=2,"▲ 偏大","▼ 偏小")))) | AM17: =IF(D17="","",IF((MOD(AI17,2)=1)+(MOD(AJ17,2)=1)+(MOD(AK17,2)=1)=3,"⚫ 全单",IF((MOD(AI17,2)=1)+(MOD(AJ17,2)=1)+(MOD(AK17,2)=1)=0,"🟣 全双",IF((MOD(AI17,2)=1)+(MOD(AJ17,2)=1)+(MOD(AK17,2)=1)=2,"◑ 偏单","◑ 偏双")))) | AN17: =IF(D17="","",IF(D16="",1,IF(ISNUMBER(SEARCH("大",AL17))=ISNUMBER(SEARCH("大",AL16)),AN16+1,1))) | AO17: =IF(AN17="","",IF(AN17>=4,"🚨 "&AN17&"期·警惕反转",IF(AN17=3,"⚠️ 3期连续","—"))) | AP17: =IF(AL17="","—",IF(ISNUMBER(SEARCH("大",AL17)),IF(OR(AL17="🔴 全大"),IF(AN17>=4,"xxx大 强·⚠️反转?",IF(AN17=3,"xxx大 强·连3期","xxx大 ✅强用")),"xxx大 △弱参考"),IF(OR(AL17="🔵 全小"),IF(AN17>=4,"xxx小 强·⚠️反转?",IF(AN17=3,"xxx小 强·连3期","xxx小 ✅强用")),"xxx小 △弱参考"))) | AR17: =IF(OR(D17="",D16=""),"—",IF(K16="","—",IF(ISNUMBER(SEARCH("大",K16)),IF(COUNTIF(H17:J17,">=5")>=2,"✅","❌"),IF(COUNTIF(H17:J17,">=5")<=1,"✅","❌")))) | AS17: =IF(OR(D17="",D16=""),"—",IF(T16="","—",IF(ISNUMBER(SEARCH("大",T16)),IF(COUNTIF(Q17:S17,">=5")>=2,"✅","❌"),IF(COUNTIF(Q17:S17,">=5")<=1,"✅","❌")))) | AT17: =IF(OR(D17="",D16=""),"—",IF(AC16="","—",IF(ISNUMBER(SEARCH("大",AC16)),IF(COUNTIF(Z17:AB17,">=5")>=2,"✅","❌"),IF(COUNTIF(Z17:AB17,">=5")<=1,"✅","❌")))) | AU17: =IF(OR(D17="",D16=""),"—",IF(AL16="","—",IF(ISNUMBER(SEARCH("大",AL16)),IF(COUNTIF(AI17:AK17,">=5")>=2,"✅","❌"),IF(COUNTIF(AI17:AK17,">=5")<=1,"✅","❌"))))
A18: 14 | B18: 2026-05-31 | C18: 万能 | D18: 5984 | E18: 0396 | F18: 2505 | H18: =IF(D18="","",VALUE(MID(TEXT(D18,"0000"),1,1))) | I18: =IF(E18="","",VALUE(MID(TEXT(E18,"0000"),1,1))) | J18: =IF(F18="","",VALUE(MID(TEXT(F18,"0000"),1,1))) | K18: =IF(D18="","",IF(COUNTIF(H18:J18,">=5")=3,"🔴 全大",IF(COUNTIF(H18:J18,">=5")=0,"🔵 全小",IF(COUNTIF(H18:J18,">=5")=2,"▲ 偏大","▼ 偏小")))) | L18: =IF(D18="","",IF((MOD(H18,2)=1)+(MOD(I18,2)=1)+(MOD(J18,2)=1)=3,"⚫ 全单",IF((MOD(H18,2)=1)+(MOD(I18,2)=1)+(MOD(J18,2)=1)=0,"🟣 全双",IF((MOD(H18,2)=1)+(MOD(I18,2)=1)+(MOD(J18,2)=1)=2,"◑ 偏单","◑ 偏双")))) | M18: =IF(D18="","",IF(D17="",1,IF(ISNUMBER(SEARCH("大",K18))=ISNUMBER(SEARCH("大",K17)),M17+1,1))) | N18: =IF(M18="","",IF(M18>=4,"🚨 "&M18&"期·警惕反转",IF(M18=3,"⚠️ 3期连续","—"))) | O18: =IF(K18="","—",IF(ISNUMBER(SEARCH("大",K18)),IF(OR(K18="🔴 全大"),IF(M18>=4,"大xxx 强·⚠️反转?",IF(M18=3,"大xxx 强·连3期","大xxx ✅强用")),"大xxx △弱参考"),IF(OR(K18="🔵 全小"),IF(M18>=4,"小xxx 强·⚠️反转?",IF(M18=3,"小xxx 强·连3期","小xxx ✅强用")),"小xxx △弱参考"))) | Q18: =IF(D18="","",VALUE(MID(TEXT(D18,"0000"),2,1))) | R18: =IF(E18="","",VALUE(MID(TEXT(E18,"0000"),2,1))) | S18: =IF(F18="","",VALUE(MID(TEXT(F18,"0000"),2,1))) | T18: =IF(D18="","",IF(COUNTIF(Q18:S18,">=5")=3,"🔴 全大",IF(COUNTIF(Q18:S18,">=5")=0,"🔵 全小",IF(COUNTIF(Q18:S18,">=5")=2,"▲ 偏大","▼ 偏小")))) | U18: =IF(D18="","",IF((MOD(Q18,2)=1)+(MOD(R18,2)=1)+(MOD(S18,2)=1)=3,"⚫ 全单",IF((MOD(Q18,2)=1)+(MOD(R18,2)=1)+(MOD(S18,2)=1)=0,"🟣 全双",IF((MOD(Q18,2)=1)+(MOD(R18,2)=1)+(MOD(S18,2)=1)=2,"◑ 偏单","◑ 偏双")))) | V18: =IF(D18="","",IF(D17="",1,IF(ISNUMBER(SEARCH("大",T18))=ISNUMBER(SEARCH("大",T17)),V17+1,1))) | W18: =IF(V18="","",IF(V18>=4,"🚨 "&V18&"期·警惕反转",IF(V18=3,"⚠️ 3期连续","—"))) | X18: =IF(T18="","—",IF(ISNUMBER(SEARCH("大",T18)),IF(OR(T18="🔴 全大"),IF(V18>=4,"x大xx 强·⚠️反转?",IF(V18=3,"x大xx 强·连3期","x大xx ✅强用")),"x大xx △弱参考"),IF(OR(T18="🔵 全小"),IF(V18>=4,"x小xx 强·⚠️反转?",IF(V18=3,"x小xx 强·连3期","x小xx ✅强用")),"x小xx △弱参考"))) | Z18: =IF(D18="","",VALUE(MID(TEXT(D18,"0000"),3,1))) | AA18: =IF(E18="","",VALUE(MID(TEXT(E18,"0000"),3,1))) | AB18: =IF(F18="","",VALUE(MID(TEXT(F18,"0000"),3,1))) | AC18: =IF(D18="","",IF(COUNTIF(Z18:AB18,">=5")=3,"🔴 全大",IF(COUNTIF(Z18:AB18,">=5")=0,"🔵 全小",IF(COUNTIF(Z18:AB18,">=5")=2,"▲ 偏大","▼ 偏小")))) | AD18: =IF(D18="","",IF((MOD(Z18,2)=1)+(MOD(AA18,2)=1)+(MOD(AB18,2)=1)=3,"⚫ 全单",IF((MOD(Z18,2)=1)+(MOD(AA18,2)=1)+(MOD(AB18,2)=1)=0,"🟣 全双",IF((MOD(Z18,2)=1)+(MOD(AA18,2)=1)+(MOD(AB18,2)=1)=2,"◑ 偏单","◑ 偏双")))) | AE18: =IF(D18="","",IF(D17="",1,IF(ISNUMBER(SEARCH("大",AC18))=ISNUMBER(SEARCH("大",AC17)),AE17+1,1))) | AF18: =IF(AE18="","",IF(AE18>=4,"🚨 "&AE18&"期·警惕反转",IF(AE18=3,"⚠️ 3期连续","—"))) | AG18: =IF(AC18="","—",IF(ISNUMBER(SEARCH("大",AC18)),IF(OR(AC18="🔴 全大"),IF(AE18>=4,"xx大x 强·⚠️反转?",IF(AE18=3,"xx大x 强·连3期","xx大x ✅强用")),"xx大x △弱参考"),IF(OR(AC18="🔵 全小"),IF(AE18>=4,"xx小x 强·⚠️反转?",IF(AE18=3,"xx小x 强·连3期","xx小x ✅强用")),"xx小x △弱参考"))) | AI18: =IF(D18="","",VALUE(MID(TEXT(D18,"0000"),4,1))) | AJ18: =IF(E18="","",VALUE(MID(TEXT(E18,"0000"),4,1))) | AK18: =IF(F18="","",VALUE(MID(TEXT(F18,"0000"),4,1))) | AL18: =IF(D18="","",IF(COUNTIF(AI18:AK18,">=5")=3,"🔴 全大",IF(COUNTIF(AI18:AK18,">=5")=0,"🔵 全小",IF(COUNTIF(AI18:AK18,">=5")=2,"▲ 偏大","▼ 偏小")))) | AM18: =IF(D18="","",IF((MOD(AI18,2)=1)+(MOD(AJ18,2)=1)+(MOD(AK18,2)=1)=3,"⚫ 全单",IF((MOD(AI18,2)=1)+(MOD(AJ18,2)=1)+(MOD(AK18,2)=1)=0,"🟣 全双",IF((MOD(AI18,2)=1)+(MOD(AJ18,2)=1)+(MOD(AK18,2)=1)=2,"◑ 偏单","◑ 偏双")))) | AN18: =IF(D18="","",IF(D17="",1,IF(ISNUMBER(SEARCH("大",AL18))=ISNUMBER(SEARCH("大",AL17)),AN17+1,1))) | AO18: =IF(AN18="","",IF(AN18>=4,"🚨 "&AN18&"期·警惕反转",IF(AN18=3,"⚠️ 3期连续","—"))) | AP18: =IF(AL18="","—",IF(ISNUMBER(SEARCH("大",AL18)),IF(OR(AL18="🔴 全大"),IF(AN18>=4,"xxx大 强·⚠️反转?",IF(AN18=3,"xxx大 强·连3期","xxx大 ✅强用")),"xxx大 △弱参考"),IF(OR(AL18="🔵 全小"),IF(AN18>=4,"xxx小 强·⚠️反转?",IF(AN18=3,"xxx小 强·连3期","xxx小 ✅强用")),"xxx小 △弱参考"))) | AR18: =IF(OR(D18="",D17=""),"—",IF(K17="","—",IF(ISNUMBER(SEARCH("大",K17)),IF(COUNTIF(H18:J18,">=5")>=2,"✅","❌"),IF(COUNTIF(H18:J18,">=5")<=1,"✅","❌")))) | AS18: =IF(OR(D18="",D17=""),"—",IF(T17="","—",IF(ISNUMBER(SEARCH("大",T17)),IF(COUNTIF(Q18:S18,">=5")>=2,"✅","❌"),IF(COUNTIF(Q18:S18,">=5")<=1,"✅","❌")))) | AT18: =IF(OR(D18="",D17=""),"—",IF(AC17="","—",IF(ISNUMBER(SEARCH("大",AC17)),IF(COUNTIF(Z18:AB18,">=5")>=2,"✅","❌"),IF(COUNTIF(Z18:AB18,">=5")<=1,"✅","❌")))) | AU18: =IF(OR(D18="",D17=""),"—",IF(AL17="","—",IF(ISNUMBER(SEARCH("大",AL17)),IF(COUNTIF(AI18:AK18,">=5")>=2,"✅","❌"),IF(COUNTIF(AI18:AK18,">=5")<=1,"✅","❌"))))
A19: 15 | H19: =IF(D19="","",VALUE(MID(TEXT(D19,"0000"),1,1))) | I19: =IF(E19="","",VALUE(MID(TEXT(E19,"0000"),1,1))) | J19: =IF(F19="","",VALUE(MID(TEXT(F19,"0000"),1,1))) | K19: =IF(D19="","",IF(COUNTIF(H19:J19,">=5")=3,"🔴 全大",IF(COUNTIF(H19:J19,">=5")=0,"🔵 全小",IF(COUNTIF(H19:J19,">=5")=2,"▲ 偏大","▼ 偏小")))) | L19: =IF(D19="","",IF((MOD(H19,2)=1)+(MOD(I19,2)=1)+(MOD(J19,2)=1)=3,"⚫ 全单",IF((MOD(H19,2)=1)+(MOD(I19,2)=1)+(MOD(J19,2)=1)=0,"🟣 全双",IF((MOD(H19,2)=1)+(MOD(I19,2)=1)+(MOD(J19,2)=1)=2,"◑ 偏单","◑ 偏双")))) | M19: =IF(D19="","",IF(D18="",1,IF(ISNUMBER(SEARCH("大",K19))=ISNUMBER(SEARCH("大",K18)),M18+1,1))) | N19: =IF(M19="","",IF(M19>=4,"🚨 "&M19&"期·警惕反转",IF(M19=3,"⚠️ 3期连续","—"))) | O19: =IF(K19="","—",IF(ISNUMBER(SEARCH("大",K19)),IF(OR(K19="🔴 全大"),IF(M19>=4,"大xxx 强·⚠️反转?",IF(M19=3,"大xxx 强·连3期","大xxx ✅强用")),"大xxx △弱参考"),IF(OR(K19="🔵 全小"),IF(M19>=4,"小xxx 强·⚠️反转?",IF(M19=3,"小xxx 强·连3期","小xxx ✅强用")),"小xxx △弱参考"))) | Q19: =IF(D19="","",VALUE(MID(TEXT(D19,"0000"),2,1))) | R19: =IF(E19="","",VALUE(MID(TEXT(E19,"0000"),2,1))) | S19: =IF(F19="","",VALUE(MID(TEXT(F19,"0000"),2,1))) | T19: =IF(D19="","",IF(COUNTIF(Q19:S19,">=5")=3,"🔴 全大",IF(COUNTIF(Q19:S19,">=5")=0,"🔵 全小",IF(COUNTIF(Q19:S19,">=5")=2,"▲ 偏大","▼ 偏小")))) | U19: =IF(D19="","",IF((MOD(Q19,2)=1)+(MOD(R19,2)=1)+(MOD(S19,2)=1)=3,"⚫ 全单",IF((MOD(Q19,2)=1)+(MOD(R19,2)=1)+(MOD(S19,2)=1)=0,"🟣 全双",IF((MOD(Q19,2)=1)+(MOD(R19,2)=1)+(MOD(S19,2)=1)=2,"◑ 偏单","◑ 偏双")))) | V19: =IF(D19="","",IF(D18="",1,IF(ISNUMBER(SEARCH("大",T19))=ISNUMBER(SEARCH("大",T18)),V18+1,1))) | W19: =IF(V19="","",IF(V19>=4,"🚨 "&V19&"期·警惕反转",IF(V19=3,"⚠️ 3期连续","—"))) | X19: =IF(T19="","—",IF(ISNUMBER(SEARCH("大",T19)),IF(OR(T19="🔴 全大"),IF(V19>=4,"x大xx 强·⚠️反转?",IF(V19=3,"x大xx 强·连3期","x大xx ✅强用")),"x大xx △弱参考"),IF(OR(T19="🔵 全小"),IF(V19>=4,"x小xx 强·⚠️反转?",IF(V19=3,"x小xx 强·连3期","x小xx ✅强用")),"x小xx △弱参考"))) | Z19: =IF(D19="","",VALUE(MID(TEXT(D19,"0000"),3,1))) | AA19: =IF(E19="","",VALUE(MID(TEXT(E19,"0000"),3,1))) | AB19: =IF(F19="","",VALUE(MID(TEXT(F19,"0000"),3,1))) | AC19: =IF(D19="","",IF(COUNTIF(Z19:AB19,">=5")=3,"🔴 全大",IF(COUNTIF(Z19:AB19,">=5")=0,"🔵 全小",IF(COUNTIF(Z19:AB19,">=5")=2,"▲ 偏大","▼ 偏小")))) | AD19: =IF(D19="","",IF((MOD(Z19,2)=1)+(MOD(AA19,2)=1)+(MOD(AB19,2)=1)=3,"⚫ 全单",IF((MOD(Z19,2)=1)+(MOD(AA19,2)=1)+(MOD(AB19,2)=1)=0,"🟣 全双",IF((MOD(Z19,2)=1)+(MOD(AA19,2)=1)+(MOD(AB19,2)=1)=2,"◑ 偏单","◑ 偏双")))) | AE19: =IF(D19="","",IF(D18="",1,IF(ISNUMBER(SEARCH("大",AC19))=ISNUMBER(SEARCH("大",AC18)),AE18+1,1))) | AF19: =IF(AE19="","",IF(AE19>=4,"🚨 "&AE19&"期·警惕反转",IF(AE19=3,"⚠️ 3期连续","—"))) | AG19: =IF(AC19="","—",IF(ISNUMBER(SEARCH("大",AC19)),IF(OR(AC19="🔴 全大"),IF(AE19>=4,"xx大x 强·⚠️反转?",IF(AE19=3,"xx大x 强·连3期","xx大x ✅强用")),"xx大x △弱参考"),IF(OR(AC19="🔵 全小"),IF(AE19>=4,"xx小x 强·⚠️反转?",IF(AE19=3,"xx小x 强·连3期","xx小x ✅强用")),"xx小x △弱参考"))) | AI19: =IF(D19="","",VALUE(MID(TEXT(D19,"0000"),4,1))) | AJ19: =IF(E19="","",VALUE(MID(TEXT(E19,"0000"),4,1))) | AK19: =IF(F19="","",VALUE(MID(TEXT(F19,"0000"),4,1))) | AL19: =IF(D19="","",IF(COUNTIF(AI19:AK19,">=5")=3,"🔴 全大",IF(COUNTIF(AI19:AK19,">=5")=0,"🔵 全小",IF(COUNTIF(AI19:AK19,">=5")=2,"▲ 偏大","▼ 偏小")))) | AM19: =IF(D19="","",IF((MOD(AI19,2)=1)+(MOD(AJ19,2)=1)+(MOD(AK19,2)=1)=3,"⚫ 全单",IF((MOD(AI19,2)=1)+(MOD(AJ19,2)=1)+(MOD(AK19,2)=1)=0,"🟣 全双",IF((MOD(AI19,2)=1)+(MOD(AJ19,2)=1)+(MOD(AK19,2)=1)=2,"◑ 偏单","◑ 偏双")))) | AN19: =IF(D19="","",IF(D18="",1,IF(ISNUMBER(SEARCH("大",AL19))=ISNUMBER(SEARCH("大",AL18)),AN18+1,1))) | AO19: =IF(AN19="","",IF(AN19>=4,"🚨 "&AN19&"期·警惕反转",IF(AN19=3,"⚠️ 3期连续","—"))) | AP19: =IF(AL19="","—",IF(ISNUMBER(SEARCH("大",AL19)),IF(OR(AL19="🔴 全大"),IF(AN19>=4,"xxx大 强·⚠️反转?",IF(AN19=3,"xxx大 强·连3期","xxx大 ✅强用")),"xxx大 △弱参考"),IF(OR(AL19="🔵 全小"),IF(AN19>=4,"xxx小 强·⚠️反转?",IF(AN19=3,"xxx小 强·连3期","xxx小 ✅强用")),"xxx小 △弱参考"))) | AR19: =IF(OR(D19="",D18=""),"—",IF(K18="","—",IF(ISNUMBER(SEARCH("大",K18)),IF(COUNTIF(H19:J19,">=5")>=2,"✅","❌"),IF(COUNTIF(H19:J19,">=5")<=1,"✅","❌")))) | AS19: =IF(OR(D19="",D18=""),"—",IF(T18="","—",IF(ISNUMBER(SEARCH("大",T18)),IF(COUNTIF(Q19:S19,">=5")>=2,"✅","❌"),IF(COUNTIF(Q19:S19,">=5")<=1,"✅","❌")))) | AT19: =IF(OR(D19="",D18=""),"—",IF(AC18="","—",IF(ISNUMBER(SEARCH("大",AC18)),IF(COUNTIF(Z19:AB19,">=5")>=2,"✅","❌"),IF(COUNTIF(Z19:AB19,">=5")<=1,"✅","❌")))) | AU19: =IF(OR(D19="",D18=""),"—",IF(AL18="","—",IF(ISNUMBER(SEARCH("大",AL18)),IF(COUNTIF(AI19:AK19,">=5")>=2,"✅","❌"),IF(COUNTIF(AI19:AK19,">=5")<=1,"✅","❌"))))
A20: 16 | H20: =IF(D20="","",VALUE(MID(TEXT(D20,"0000"),1,1))) | I20: =IF(E20="","",VALUE(MID(TEXT(E20,"0000"),1,1))) | J20: =IF(F20="","",VALUE(MID(TEXT(F20,"0000"),1,1))) | K20: =IF(D20="","",IF(COUNTIF(H20:J20,">=5")=3,"🔴 全大",IF(COUNTIF(H20:J20,">=5")=0,"🔵 全小",IF(COUNTIF(H20:J20,">=5")=2,"▲ 偏大","▼ 偏小")))) | L20: =IF(D20="","",IF((MOD(H20,2)=1)+(MOD(I20,2)=1)+(MOD(J20,2)=1)=3,"⚫ 全单",IF((MOD(H20,2)=1)+(MOD(I20,2)=1)+(MOD(J20,2)=1)=0,"🟣 全双",IF((MOD(H20,2)=1)+(MOD(I20,2)=1)+(MOD(J20,2)=1)=2,"◑ 偏单","◑ 偏双")))) | M20: =IF(D20="","",IF(D19="",1,IF(ISNUMBER(SEARCH("大",K20))=ISNUMBER(SEARCH("大",K19)),M19+1,1))) | N20: =IF(M20="","",IF(M20>=4,"🚨 "&M20&"期·警惕反转",IF(M20=3,"⚠️ 3期连续","—"))) | O20: =IF(K20="","—",IF(ISNUMBER(SEARCH("大",K20)),IF(OR(K20="🔴 全大"),IF(M20>=4,"大xxx 强·⚠️反转?",IF(M20=3,"大xxx 强·连3期","大xxx ✅强用")),"大xxx △弱参考"),IF(OR(K20="🔵 全小"),IF(M20>=4,"小xxx 强·⚠️反转?",IF(M20=3,"小xxx 强·连3期","小xxx ✅强用")),"小xxx △弱参考"))) | Q20: =IF(D20="","",VALUE(MID(TEXT(D20,"0000"),2,1))) | R20: =IF(E20="","",VALUE(MID(TEXT(E20,"0000"),2,1))) | S20: =IF(F20="","",VALUE(MID(TEXT(F20,"0000"),2,1))) | T20: =IF(D20="","",IF(COUNTIF(Q20:S20,">=5")=3,"🔴 全大",IF(COUNTIF(Q20:S20,">=5")=0,"🔵 全小",IF(COUNTIF(Q20:S20,">=5")=2,"▲ 偏大","▼ 偏小")))) | U20: =IF(D20="","",IF((MOD(Q20,2)=1)+(MOD(R20,2)=1)+(MOD(S20,2)=1)=3,"⚫ 全单",IF((MOD(Q20,2)=1)+(MOD(R20,2)=1)+(MOD(S20,2)=1)=0,"🟣 全双",IF((MOD(Q20,2)=1)+(MOD(R20,2)=1)+(MOD(S20,2)=1)=2,"◑ 偏单","◑ 偏双")))) | V20: =IF(D20="","",IF(D19="",1,IF(ISNUMBER(SEARCH("大",T20))=ISNUMBER(SEARCH("大",T19)),V19+1,1))) | W20: =IF(V20="","",IF(V20>=4,"🚨 "&V20&"期·警惕反转",IF(V20=3,"⚠️ 3期连续","—"))) | X20: =IF(T20="","—",IF(ISNUMBER(SEARCH("大",T20)),IF(OR(T20="🔴 全大"),IF(V20>=4,"x大xx 强·⚠️反转?",IF(V20=3,"x大xx 强·连3期","x大xx ✅强用")),"x大xx △弱参考"),IF(OR(T20="🔵 全小"),IF(V20>=4,"x小xx 强·⚠️反转?",IF(V20=3,"x小xx 强·连3期","x小xx ✅强用")),"x小xx △弱参考"))) | Z20: =IF(D20="","",VALUE(MID(TEXT(D20,"0000"),3,1))) | AA20: =IF(E20="","",VALUE(MID(TEXT(E20,"0000"),3,1))) | AB20: =IF(F20="","",VALUE(MID(TEXT(F20,"0000"),3,1))) | AC20: =IF(D20="","",IF(COUNTIF(Z20:AB20,">=5")=3,"🔴 全大",IF(COUNTIF(Z20:AB20,">=5")=0,"🔵 全小",IF(COUNTIF(Z20:AB20,">=5")=2,"▲ 偏大","▼ 偏小")))) | AD20: =IF(D20="","",IF((MOD(Z20,2)=1)+(MOD(AA20,2)=1)+(MOD(AB20,2)=1)=3,"⚫ 全单",IF((MOD(Z20,2)=1)+(MOD(AA20,2)=1)+(MOD(AB20,2)=1)=0,"🟣 全双",IF((MOD(Z20,2)=1)+(MOD(AA20,2)=1)+(MOD(AB20,2)=1)=2,"◑ 偏单","◑ 偏双")))) | AE20: =IF(D20="","",IF(D19="",1,IF(ISNUMBER(SEARCH("大",AC20))=ISNUMBER(SEARCH("大",AC19)),AE19+1,1))) | AF20: =IF(AE20="","",IF(AE20>=4,"🚨 "&AE20&"期·警惕反转",IF(AE20=3,"⚠️ 3期连续","—"))) | AG20: =IF(AC20="","—",IF(ISNUMBER(SEARCH("大",AC20)),IF(OR(AC20="🔴 全大"),IF(AE20>=4,"xx大x 强·⚠️反转?",IF(AE20=3,"xx大x 强·连3期","xx大x ✅强用")),"xx大x △弱参考"),IF(OR(AC20="🔵 全小"),IF(AE20>=4,"xx小x 强·⚠️反转?",IF(AE20=3,"xx小x 强·连3期","xx小x ✅强用")),"xx小x △弱参考"))) | AI20: =IF(D20="","",VALUE(MID(TEXT(D20,"0000"),4,1))) | AJ20: =IF(E20="","",VALUE(MID(TEXT(E20,"0000"),4,1))) | AK20: =IF(F20="","",VALUE(MID(TEXT(F20,"0000"),4,1))) | AL20: =IF(D20="","",IF(COUNTIF(AI20:AK20,">=5")=3,"🔴 全大",IF(COUNTIF(AI20:AK20,">=5")=0,"🔵 全小",IF(COUNTIF(AI20:AK20,">=5")=2,"▲ 偏大","▼ 偏小")))) | AM20: =IF(D20="","",IF((MOD(AI20,2)=1)+(MOD(AJ20,2)=1)+(MOD(AK20,2)=1)=3,"⚫ 全单",IF((MOD(AI20,2)=1)+(MOD(AJ20,2)=1)+(MOD(AK20,2)=1)=0,"🟣 全双",IF((MOD(AI20,2)=1)+(MOD(AJ20,2)=1)+(MOD(AK20,2)=1)=2,"◑ 偏单","◑ 偏双")))) | AN20: =IF(D20="","",IF(D19="",1,IF(ISNUMBER(SEARCH("大",AL20))=ISNUMBER(SEARCH("大",AL19)),AN19+1,1))) | AO20: =IF(AN20="","",IF(AN20>=4,"🚨 "&AN20&"期·警惕反转",IF(AN20=3,"⚠️ 3期连续","—"))) | AP20: =IF(AL20="","—",IF(ISNUMBER(SEARCH("大",AL20)),IF(OR(AL20="🔴 全大"),IF(AN20>=4,"xxx大 强·⚠️反转?",IF(AN20=3,"xxx大 强·连3期","xxx大 ✅强用")),"xxx大 △弱参考"),IF(OR(AL20="🔵 全小"),IF(AN20>=4,"xxx小 强·⚠️反转?",IF(AN20=3,"xxx小 强·连3期","xxx小 ✅强用")),"xxx小 △弱参考"))) | AR20: =IF(OR(D20="",D19=""),"—",IF(K19="","—",IF(ISNUMBER(SEARCH("大",K19)),IF(COUNTIF(H20:J20,">=5")>=2,"✅","❌"),IF(COUNTIF(H20:J20,">=5")<=1,"✅","❌")))) | AS20: =IF(OR(D20="",D19=""),"—",IF(T19="","—",IF(ISNUMBER(SEARCH("大",T19)),IF(COUNTIF(Q20:S20,">=5")>=2,"✅","❌"),IF(COUNTIF(Q20:S20,">=5")<=1,"✅","❌")))) | AT20: =IF(OR(D20="",D19=""),"—",IF(AC19="","—",IF(ISNUMBER(SEARCH("大",AC19)),IF(COUNTIF(Z20:AB20,">=5")>=2,"✅","❌"),IF(COUNTIF(Z20:AB20,">=5")<=1,"✅","❌")))) | AU20: =IF(OR(D20="",D19=""),"—",IF(AL19="","—",IF(ISNUMBER(SEARCH("大",AL19)),IF(COUNTIF(AI20:AK20,">=5")>=2,"✅","❌"),IF(COUNTIF(AI20:AK20,">=5")<=1,"✅","❌"))))
A21: 17 | H21: =IF(D21="","",VALUE(MID(TEXT(D21,"0000"),1,1))) | I21: =IF(E21="","",VALUE(MID(TEXT(E21,"0000"),1,1))) | J21: =IF(F21="","",VALUE(MID(TEXT(F21,"0000"),1,1))) | K21: =IF(D21="","",IF(COUNTIF(H21:J21,">=5")=3,"🔴 全大",IF(COUNTIF(H21:J21,">=5")=0,"🔵 全小",IF(COUNTIF(H21:J21,">=5")=2,"▲ 偏大","▼ 偏小")))) | L21: =IF(D21="","",IF((MOD(H21,2)=1)+(MOD(I21,2)=1)+(MOD(J21,2)=1)=3,"⚫ 全单",IF((MOD(H21,2)=1)+(MOD(I21,2)=1)+(MOD(J21,2)=1)=0,"🟣 全双",IF((MOD(H21,2)=1)+(MOD(I21,2)=1)+(MOD(J21,2)=1)=2,"◑ 偏单","◑ 偏双")))) | M21: =IF(D21="","",IF(D20="",1,IF(ISNUMBER(SEARCH("大",K21))=ISNUMBER(SEARCH("大",K20)),M20+1,1))) | N21: =IF(M21="","",IF(M21>=4,"🚨 "&M21&"期·警惕反转",IF(M21=3,"⚠️ 3期连续","—"))) | O21: =IF(K21="","—",IF(ISNUMBER(SEARCH("大",K21)),IF(OR(K21="🔴 全大"),IF(M21>=4,"大xxx 强·⚠️反转?",IF(M21=3,"大xxx 强·连3期","大xxx ✅强用")),"大xxx △弱参考"),IF(OR(K21="🔵 全小"),IF(M21>=4,"小xxx 强·⚠️反转?",IF(M21=3,"小xxx 强·连3期","小xxx ✅强用")),"小xxx △弱参考"))) | Q21: =IF(D21="","",VALUE(MID(TEXT(D21,"0000"),2,1))) | R21: =IF(E21="","",VALUE(MID(TEXT(E21,"0000"),2,1))) | S21: =IF(F21="","",VALUE(MID(TEXT(F21,"0000"),2,1))) | T21: =IF(D21="","",IF(COUNTIF(Q21:S21,">=5")=3,"🔴 全大",IF(COUNTIF(Q21:S21,">=5")=0,"🔵 全小",IF(COUNTIF(Q21:S21,">=5")=2,"▲ 偏大","▼ 偏小")))) | U21: =IF(D21="","",IF((MOD(Q21,2)=1)+(MOD(R21,2)=1)+(MOD(S21,2)=1)=3,"⚫ 全单",IF((MOD(Q21,2)=1)+(MOD(R21,2)=1)+(MOD(S21,2)=1)=0,"🟣 全双",IF((MOD(Q21,2)=1)+(MOD(R21,2)=1)+(MOD(S21,2)=1)=2,"◑ 偏单","◑ 偏双")))) | V21: =IF(D21="","",IF(D20="",1,IF(ISNUMBER(SEARCH("大",T21))=ISNUMBER(SEARCH("大",T20)),V20+1,1))) | W21: =IF(V21="","",IF(V21>=4,"🚨 "&V21&"期·警惕反转",IF(V21=3,"⚠️ 3期连续","—"))) | X21: =IF(T21="","—",IF(ISNUMBER(SEARCH("大",T21)),IF(OR(T21="🔴 全大"),IF(V21>=4,"x大xx 强·⚠️反转?",IF(V21=3,"x大xx 强·连3期","x大xx ✅强用")),"x大xx △弱参考"),IF(OR(T21="🔵 全小"),IF(V21>=4,"x小xx 强·⚠️反转?",IF(V21=3,"x小xx 强·连3期","x小xx ✅强用")),"x小xx △弱参考"))) | Z21: =IF(D21="","",VALUE(MID(TEXT(D21,"0000"),3,1))) | AA21: =IF(E21="","",VALUE(MID(TEXT(E21,"0000"),3,1))) | AB21: =IF(F21="","",VALUE(MID(TEXT(F21,"0000"),3,1))) | AC21: =IF(D21="","",IF(COUNTIF(Z21:AB21,">=5")=3,"🔴 全大",IF(COUNTIF(Z21:AB21,">=5")=0,"🔵 全小",IF(COUNTIF(Z21:AB21,">=5")=2,"▲ 偏大","▼ 偏小")))) | AD21: =IF(D21="","",IF((MOD(Z21,2)=1)+(MOD(AA21,2)=1)+(MOD(AB21,2)=1)=3,"⚫ 全单",IF((MOD(Z21,2)=1)+(MOD(AA21,2)=1)+(MOD(AB21,2)=1)=0,"🟣 全双",IF((MOD(Z21,2)=1)+(MOD(AA21,2)=1)+(MOD(AB21,2)=1)=2,"◑ 偏单","◑ 偏双")))) | AE21: =IF(D21="","",IF(D20="",1,IF(ISNUMBER(SEARCH("大",AC21))=ISNUMBER(SEARCH("大",AC20)),AE20+1,1))) | AF21: =IF(AE21="","",IF(AE21>=4,"🚨 "&AE21&"期·警惕反转",IF(AE21=3,"⚠️ 3期连续","—"))) | AG21: =IF(AC21="","—",IF(ISNUMBER(SEARCH("大",AC21)),IF(OR(AC21="🔴 全大"),IF(AE21>=4,"xx大x 强·⚠️反转?",IF(AE21=3,"xx大x 强·连3期","xx大x ✅强用")),"xx大x △弱参考"),IF(OR(AC21="🔵 全小"),IF(AE21>=4,"xx小x 强·⚠️反转?",IF(AE21=3,"xx小x 强·连3期","xx小x ✅强用")),"xx小x △弱参考"))) | AI21: =IF(D21="","",VALUE(MID(TEXT(D21,"0000"),4,1))) | AJ21: =IF(E21="","",VALUE(MID(TEXT(E21,"0000"),4,1))) | AK21: =IF(F21="","",VALUE(MID(TEXT(F21,"0000"),4,1))) | AL21: =IF(D21="","",IF(COUNTIF(AI21:AK21,">=5")=3,"🔴 全大",IF(COUNTIF(AI21:AK21,">=5")=0,"🔵 全小",IF(COUNTIF(AI21:AK21,">=5")=2,"▲ 偏大","▼ 偏小")))) | AM21: =IF(D21="","",IF((MOD(AI21,2)=1)+(MOD(AJ21,2)=1)+(MOD(AK21,2)=1)=3,"⚫ 全单",IF((MOD(AI21,2)=1)+(MOD(AJ21,2)=1)+(MOD(AK21,2)=1)=0,"🟣 全双",IF((MOD(AI21,2)=1)+(MOD(AJ21,2)=1)+(MOD(AK21,2)=1)=2,"◑ 偏单","◑ 偏双")))) | AN21: =IF(D21="","",IF(D20="",1,IF(ISNUMBER(SEARCH("大",AL21))=ISNUMBER(SEARCH("大",AL20)),AN20+1,1))) | AO21: =IF(AN21="","",IF(AN21>=4,"🚨 "&AN21&"期·警惕反转",IF(AN21=3,"⚠️ 3期连续","—"))) | AP21: =IF(AL21="","—",IF(ISNUMBER(SEARCH("大",AL21)),IF(OR(AL21="🔴 全大"),IF(AN21>=4,"xxx大 强·⚠️反转?",IF(AN21=3,"xxx大 强·连3期","xxx大 ✅强用")),"xxx大 △弱参考"),IF(OR(AL21="🔵 全小"),IF(AN21>=4,"xxx小 强·⚠️反转?",IF(AN21=3,"xxx小 强·连3期","xxx小 ✅强用")),"xxx小 △弱参考"))) | AR21: =IF(OR(D21="",D20=""),"—",IF(K20="","—",IF(ISNUMBER(SEARCH("大",K20)),IF(COUNTIF(H21:J21,">=5")>=2,"✅","❌"),IF(COUNTIF(H21:J21,">=5")<=1,"✅","❌")))) | AS21: =IF(OR(D21="",D20=""),"—",IF(T20="","—",IF(ISNUMBER(SEARCH("大",T20)),IF(COUNTIF(Q21:S21,">=5")>=2,"✅","❌"),IF(COUNTIF(Q21:S21,">=5")<=1,"✅","❌")))) | AT21: =IF(OR(D21="",D20=""),"—",IF(AC20="","—",IF(ISNUMBER(SEARCH("大",AC20)),IF(COUNTIF(Z21:AB21,">=5")>=2,"✅","❌"),IF(COUNTIF(Z21:AB21,">=5")<=1,"✅","❌")))) | AU21: =IF(OR(D21="",D20=""),"—",IF(AL20="","—",IF(ISNUMBER(SEARCH("大",AL20)),IF(COUNTIF(AI21:AK21,">=5")>=2,"✅","❌"),IF(COUNTIF(AI21:AK21,">=5")<=1,"✅","❌"))))
A22: 18 | H22: =IF(D22="","",VALUE(MID(TEXT(D22,"0000"),1,1))) | I22: =IF(E22="","",VALUE(MID(TEXT(E22,"0000"),1,1))) | J22: =IF(F22="","",VALUE(MID(TEXT(F22,"0000"),1,1))) | K22: =IF(D22="","",IF(COUNTIF(H22:J22,">=5")=3,"🔴 全大",IF(COUNTIF(H22:J22,">=5")=0,"🔵 全小",IF(COUNTIF(H22:J22,">=5")=2,"▲ 偏大","▼ 偏小")))) | L22: =IF(D22="","",IF((MOD(H22,2)=1)+(MOD(I22,2)=1)+(MOD(J22,2)=1)=3,"⚫ 全单",IF((MOD(H22,2)=1)+(MOD(I22,2)=1)+(MOD(J22,2)=1)=0,"🟣 全双",IF((MOD(H22,2)=1)+(MOD(I22,2)=1)+(MOD(J22,2)=1)=2,"◑ 偏单","◑ 偏双")))) | M22: =IF(D22="","",IF(D21="",1,IF(ISNUMBER(SEARCH("大",K22))=ISNUMBER(SEARCH("大",K21)),M21+1,1))) | N22: =IF(M22="","",IF(M22>=4,"🚨 "&M22&"期·警惕反转",IF(M22=3,"⚠️ 3期连续","—"))) | O22: =IF(K22="","—",IF(ISNUMBER(SEARCH("大",K22)),IF(OR(K22="🔴 全大"),IF(M22>=4,"大xxx 强·⚠️反转?",IF(M22=3,"大xxx 强·连3期","大xxx ✅强用")),"大xxx △弱参考"),IF(OR(K22="🔵 全小"),IF(M22>=4,"小xxx 强·⚠️反转?",IF(M22=3,"小xxx 强·连3期","小xxx ✅强用")),"小xxx △弱参考"))) | Q22: =IF(D22="","",VALUE(MID(TEXT(D22,"0000"),2,1))) | R22: =IF(E22="","",VALUE(MID(TEXT(E22,"0000"),2,1))) | S22: =IF(F22="","",VALUE(MID(TEXT(F22,"0000"),2,1))) | T22: =IF(D22="","",IF(COUNTIF(Q22:S22,">=5")=3,"🔴 全大",IF(COUNTIF(Q22:S22,">=5")=0,"🔵 全小",IF(COUNTIF(Q22:S22,">=5")=2,"▲ 偏大","▼ 偏小")))) | U22: =IF(D22="","",IF((MOD(Q22,2)=1)+(MOD(R22,2)=1)+(MOD(S22,2)=1)=3,"⚫ 全单",IF((MOD(Q22,2)=1)+(MOD(R22,2)=1)+(MOD(S22,2)=1)=0,"🟣 全双",IF((MOD(Q22,2)=1)+(MOD(R22,2)=1)+(MOD(S22,2)=1)=2,"◑ 偏单","◑ 偏双")))) | V22: =IF(D22="","",IF(D21="",1,IF(ISNUMBER(SEARCH("大",T22))=ISNUMBER(SEARCH("大",T21)),V21+1,1))) | W22: =IF(V22="","",IF(V22>=4,"🚨 "&V22&"期·警惕反转",IF(V22=3,"⚠️ 3期连续","—"))) | X22: =IF(T22="","—",IF(ISNUMBER(SEARCH("大",T22)),IF(OR(T22="🔴 全大"),IF(V22>=4,"x大xx 强·⚠️反转?",IF(V22=3,"x大xx 强·连3期","x大xx ✅强用")),"x大xx △弱参考"),IF(OR(T22="🔵 全小"),IF(V22>=4,"x小xx 强·⚠️反转?",IF(V22=3,"x小xx 强·连3期","x小xx ✅强用")),"x小xx △弱参考"))) | Z22: =IF(D22="","",VALUE(MID(TEXT(D22,"0000"),3,1))) | AA22: =IF(E22="","",VALUE(MID(TEXT(E22,"0000"),3,1))) | AB22: =IF(F22="","",VALUE(MID(TEXT(F22,"0000"),3,1))) | AC22: =IF(D22="","",IF(COUNTIF(Z22:AB22,">=5")=3,"🔴 全大",IF(COUNTIF(Z22:AB22,">=5")=0,"🔵 全小",IF(COUNTIF(Z22:AB22,">=5")=2,"▲ 偏大","▼ 偏小")))) | AD22: =IF(D22="","",IF((MOD(Z22,2)=1)+(MOD(AA22,2)=1)+(MOD(AB22,2)=1)=3,"⚫ 全单",IF((MOD(Z22,2)=1)+(MOD(AA22,2)=1)+(MOD(AB22,2)=1)=0,"🟣 全双",IF((MOD(Z22,2)=1)+(MOD(AA22,2)=1)+(MOD(AB22,2)=1)=2,"◑ 偏单","◑ 偏双")))) | AE22: =IF(D22="","",IF(D21="",1,IF(ISNUMBER(SEARCH("大",AC22))=ISNUMBER(SEARCH("大",AC21)),AE21+1,1))) | AF22: =IF(AE22="","",IF(AE22>=4,"🚨 "&AE22&"期·警惕反转",IF(AE22=3,"⚠️ 3期连续","—"))) | AG22: =IF(AC22="","—",IF(ISNUMBER(SEARCH("大",AC22)),IF(OR(AC22="🔴 全大"),IF(AE22>=4,"xx大x 强·⚠️反转?",IF(AE22=3,"xx大x 强·连3期","xx大x ✅强用")),"xx大x △弱参考"),IF(OR(AC22="🔵 全小"),IF(AE22>=4,"xx小x 强·⚠️反转?",IF(AE22=3,"xx小x 强·连3期","xx小x ✅强用")),"xx小x △弱参考"))) | AI22: =IF(D22="","",VALUE(MID(TEXT(D22,"0000"),4,1))) | AJ22: =IF(E22="","",VALUE(MID(TEXT(E22,"0000"),4,1))) | AK22: =IF(F22="","",VALUE(MID(TEXT(F22,"0000"),4,1))) | AL22: =IF(D22="","",IF(COUNTIF(AI22:AK22,">=5")=3,"🔴 全大",IF(COUNTIF(AI22:AK22,">=5")=0,"🔵 全小",IF(COUNTIF(AI22:AK22,">=5")=2,"▲ 偏大","▼ 偏小")))) | AM22: =IF(D22="","",IF((MOD(AI22,2)=1)+(MOD(AJ22,2)=1)+(MOD(AK22,2)=1)=3,"⚫ 全单",IF((MOD(AI22,2)=1)+(MOD(AJ22,2)=1)+(MOD(AK22,2)=1)=0,"🟣 全双",IF((MOD(AI22,2)=1)+(MOD(AJ22,2)=1)+(MOD(AK22,2)=1)=2,"◑ 偏单","◑ 偏双")))) | AN22: =IF(D22="","",IF(D21="",1,IF(ISNUMBER(SEARCH("大",AL22))=ISNUMBER(SEARCH("大",AL21)),AN21+1,1))) | AO22: =IF(AN22="","",IF(AN22>=4,"🚨 "&AN22&"期·警惕反转",IF(AN22=3,"⚠️ 3期连续","—"))) | AP22: =IF(AL22="","—",IF(ISNUMBER(SEARCH("大",AL22)),IF(OR(AL22="🔴 全大"),IF(AN22>=4,"xxx大 强·⚠️反转?",IF(AN22=3,"xxx大 强·连3期","xxx大 ✅强用")),"xxx大 △弱参考"),IF(OR(AL22="🔵 全小"),IF(AN22>=4,"xxx小 强·⚠️反转?",IF(AN22=3,"xxx小 强·连3期","xxx小 ✅强用")),"xxx小 △弱参考"))) | AR22: =IF(OR(D22="",D21=""),"—",IF(K21="","—",IF(ISNUMBER(SEARCH("大",K21)),IF(COUNTIF(H22:J22,">=5")>=2,"✅","❌"),IF(COUNTIF(H22:J22,">=5")<=1,"✅","❌")))) | AS22: =IF(OR(D22="",D21=""),"—",IF(T21="","—",IF(ISNUMBER(SEARCH("大",T21)),IF(COUNTIF(Q22:S22,">=5")>=2,"✅","❌"),IF(COUNTIF(Q22:S22,">=5")<=1,"✅","❌")))) | AT22: =IF(OR(D22="",D21=""),"—",IF(AC21="","—",IF(ISNUMBER(SEARCH("大",AC21)),IF(COUNTIF(Z22:AB22,">=5")>=2,"✅","❌"),IF(COUNTIF(Z22:AB22,">=5")<=1,"✅","❌")))) | AU22: =IF(OR(D22="",D21=""),"—",IF(AL21="","—",IF(ISNUMBER(SEARCH("大",AL21)),IF(COUNTIF(AI22:AK22,">=5")>=2,"✅","❌"),IF(COUNTIF(AI22:AK22,">=5")<=1,"✅","❌"))))
A23: 19 | H23: =IF(D23="","",VALUE(MID(TEXT(D23,"0000"),1,1))) | I23: =IF(E23="","",VALUE(MID(TEXT(E23,"0000"),1,1))) | J23: =IF(F23="","",VALUE(MID(TEXT(F23,"0000"),1,1))) | K23: =IF(D23="","",IF(COUNTIF(H23:J23,">=5")=3,"🔴 全大",IF(COUNTIF(H23:J23,">=5")=0,"🔵 全小",IF(COUNTIF(H23:J23,">=5")=2,"▲ 偏大","▼ 偏小")))) | L23: =IF(D23="","",IF((MOD(H23,2)=1)+(MOD(I23,2)=1)+(MOD(J23,2)=1)=3,"⚫ 全单",IF((MOD(H23,2)=1)+(MOD(I23,2)=1)+(MOD(J23,2)=1)=0,"🟣 全双",IF((MOD(H23,2)=1)+(MOD(I23,2)=1)+(MOD(J23,2)=1)=2,"◑ 偏单","◑ 偏双")))) | M23: =IF(D23="","",IF(D22="",1,IF(ISNUMBER(SEARCH("大",K23))=ISNUMBER(SEARCH("大",K22)),M22+1,1))) | N23: =IF(M23="","",IF(M23>=4,"🚨 "&M23&"期·警惕反转",IF(M23=3,"⚠️ 3期连续","—"))) | O23: =IF(K23="","—",IF(ISNUMBER(SEARCH("大",K23)),IF(OR(K23="🔴 全大"),IF(M23>=4,"大xxx 强·⚠️反转?",IF(M23=3,"大xxx 强·连3期","大xxx ✅强用")),"大xxx △弱参考"),IF(OR(K23="🔵 全小"),IF(M23>=4,"小xxx 强·⚠️反转?",IF(M23=3,"小xxx 强·连3期","小xxx ✅强用")),"小xxx △弱参考"))) | Q23: =IF(D23="","",VALUE(MID(TEXT(D23,"0000"),2,1))) | R23: =IF(E23="","",VALUE(MID(TEXT(E23,"0000"),2,1))) | S23: =IF(F23="","",VALUE(MID(TEXT(F23,"0000"),2,1))) | T23: =IF(D23="","",IF(COUNTIF(Q23:S23,">=5")=3,"🔴 全大",IF(COUNTIF(Q23:S23,">=5")=0,"🔵 全小",IF(COUNTIF(Q23:S23,">=5")=2,"▲ 偏大","▼ 偏小")))) | U23: =IF(D23="","",IF((MOD(Q23,2)=1)+(MOD(R23,2)=1)+(MOD(S23,2)=1)=3,"⚫ 全单",IF((MOD(Q23,2)=1)+(MOD(R23,2)=1)+(MOD(S23,2)=1)=0,"🟣 全双",IF((MOD(Q23,2)=1)+(MOD(R23,2)=1)+(MOD(S23,2)=1)=2,"◑ 偏单","◑ 偏双")))) | V23: =IF(D23="","",IF(D22="",1,IF(ISNUMBER(SEARCH("大",T23))=ISNUMBER(SEARCH("大",T22)),V22+1,1))) | W23: =IF(V23="","",IF(V23>=4,"🚨 "&V23&"期·警惕反转",IF(V23=3,"⚠️ 3期连续","—"))) | X23: =IF(T23="","—",IF(ISNUMBER(SEARCH("大",T23)),IF(OR(T23="🔴 全大"),IF(V23>=4,"x大xx 强·⚠️反转?",IF(V23=3,"x大xx 强·连3期","x大xx ✅强用")),"x大xx △弱参考"),IF(OR(T23="🔵 全小"),IF(V23>=4,"x小xx 强·⚠️反转?",IF(V23=3,"x小xx 强·连3期","x小xx ✅强用")),"x小xx △弱参考"))) | Z23: =IF(D23="","",VALUE(MID(TEXT(D23,"0000"),3,1))) | AA23: =IF(E23="","",VALUE(MID(TEXT(E23,"0000"),3,1))) | AB23: =IF(F23="","",VALUE(MID(TEXT(F23,"0000"),3,1))) | AC23: =IF(D23="","",IF(COUNTIF(Z23:AB23,">=5")=3,"🔴 全大",IF(COUNTIF(Z23:AB23,">=5")=0,"🔵 全小",IF(COUNTIF(Z23:AB23,">=5")=2,"▲ 偏大","▼ 偏小")))) | AD23: =IF(D23="","",IF((MOD(Z23,2)=1)+(MOD(AA23,2)=1)+(MOD(AB23,2)=1)=3,"⚫ 全单",IF((MOD(Z23,2)=1)+(MOD(AA23,2)=1)+(MOD(AB23,2)=1)=0,"🟣 全双",IF((MOD(Z23,2)=1)+(MOD(AA23,2)=1)+(MOD(AB23,2)=1)=2,"◑ 偏单","◑ 偏双")))) | AE23: =IF(D23="","",IF(D22="",1,IF(ISNUMBER(SEARCH("大",AC23))=ISNUMBER(SEARCH("大",AC22)),AE22+1,1))) | AF23: =IF(AE23="","",IF(AE23>=4,"🚨 "&AE23&"期·警惕反转",IF(AE23=3,"⚠️ 3期连续","—"))) | AG23: =IF(AC23="","—",IF(ISNUMBER(SEARCH("大",AC23)),IF(OR(AC23="🔴 全大"),IF(AE23>=4,"xx大x 强·⚠️反转?",IF(AE23=3,"xx大x 强·连3期","xx大x ✅强用")),"xx大x △弱参考"),IF(OR(AC23="🔵 全小"),IF(AE23>=4,"xx小x 强·⚠️反转?",IF(AE23=3,"xx小x 强·连3期","xx小x ✅强用")),"xx小x △弱参考"))) | AI23: =IF(D23="","",VALUE(MID(TEXT(D23,"0000"),4,1))) | AJ23: =IF(E23="","",VALUE(MID(TEXT(E23,"0000"),4,1))) | AK23: =IF(F23="","",VALUE(MID(TEXT(F23,"0000"),4,1))) | AL23: =IF(D23="","",IF(COUNTIF(AI23:AK23,">=5")=3,"🔴 全大",IF(COUNTIF(AI23:AK23,">=5")=0,"🔵 全小",IF(COUNTIF(AI23:AK23,">=5")=2,"▲ 偏大","▼ 偏小")))) | AM23: =IF(D23="","",IF((MOD(AI23,2)=1)+(MOD(AJ23,2)=1)+(MOD(AK23,2)=1)=3,"⚫ 全单",IF((MOD(AI23,2)=1)+(MOD(AJ23,2)=1)+(MOD(AK23,2)=1)=0,"🟣 全双",IF((MOD(AI23,2)=1)+(MOD(AJ23,2)=1)+(MOD(AK23,2)=1)=2,"◑ 偏单","◑ 偏双")))) | AN23: =IF(D23="","",IF(D22="",1,IF(ISNUMBER(SEARCH("大",AL23))=ISNUMBER(SEARCH("大",AL22)),AN22+1,1))) | AO23: =IF(AN23="","",IF(AN23>=4,"🚨 "&AN23&"期·警惕反转",IF(AN23=3,"⚠️ 3期连续","—"))) | AP23: =IF(AL23="","—",IF(ISNUMBER(SEARCH("大",AL23)),IF(OR(AL23="🔴 全大"),IF(AN23>=4,"xxx大 强·⚠️反转?",IF(AN23=3,"xxx大 强·连3期","xxx大 ✅强用")),"xxx大 △弱参考"),IF(OR(AL23="🔵 全小"),IF(AN23>=4,"xxx小 强·⚠️反转?",IF(AN23=3,"xxx小 强·连3期","xxx小 ✅强用")),"xxx小 △弱参考"))) | AR23: =IF(OR(D23="",D22=""),"—",IF(K22="","—",IF(ISNUMBER(SEARCH("大",K22)),IF(COUNTIF(H23:J23,">=5")>=2,"✅","❌"),IF(COUNTIF(H23:J23,">=5")<=1,"✅","❌")))) | AS23: =IF(OR(D23="",D22=""),"—",IF(T22="","—",IF(ISNUMBER(SEARCH("大",T22)),IF(COUNTIF(Q23:S23,">=5")>=2,"✅","❌"),IF(COUNTIF(Q23:S23,">=5")<=1,"✅","❌")))) | AT23: =IF(OR(D23="",D22=""),"—",IF(AC22="","—",IF(ISNUMBER(SEARCH("大",AC22)),IF(COUNTIF(Z23:AB23,">=5")>=2,"✅","❌"),IF(COUNTIF(Z23:AB23,">=5")<=1,"✅","❌")))) | AU23: =IF(OR(D23="",D22=""),"—",IF(AL22="","—",IF(ISNUMBER(SEARCH("大",AL22)),IF(COUNTIF(AI23:AK23,">=5")>=2,"✅","❌"),IF(COUNTIF(AI23:AK23,">=5")<=1,"✅","❌"))))
A24: 20 | H24: =IF(D24="","",VALUE(MID(TEXT(D24,"0000"),1,1))) | I24: =IF(E24="","",VALUE(MID(TEXT(E24,"0000"),1,1))) | J24: =IF(F24="","",VALUE(MID(TEXT(F24,"0000"),1,1))) | K24: =IF(D24="","",IF(COUNTIF(H24:J24,">=5")=3,"🔴 全大",IF(COUNTIF(H24:J24,">=5")=0,"🔵 全小",IF(COUNTIF(H24:J24,">=5")=2,"▲ 偏大","▼ 偏小")))) | L24: =IF(D24="","",IF((MOD(H24,2)=1)+(MOD(I24,2)=1)+(MOD(J24,2)=1)=3,"⚫ 全单",IF((MOD(H24,2)=1)+(MOD(I24,2)=1)+(MOD(J24,2)=1)=0,"🟣 全双",IF((MOD(H24,2)=1)+(MOD(I24,2)=1)+(MOD(J24,2)=1)=2,"◑ 偏单","◑ 偏双")))) | M24: =IF(D24="","",IF(D23="",1,IF(ISNUMBER(SEARCH("大",K24))=ISNUMBER(SEARCH("大",K23)),M23+1,1))) | N24: =IF(M24="","",IF(M24>=4,"🚨 "&M24&"期·警惕反转",IF(M24=3,"⚠️ 3期连续","—"))) | O24: =IF(K24="","—",IF(ISNUMBER(SEARCH("大",K24)),IF(OR(K24="🔴 全大"),IF(M24>=4,"大xxx 强·⚠️反转?",IF(M24=3,"大xxx 强·连3期","大xxx ✅强用")),"大xxx △弱参考"),IF(OR(K24="🔵 全小"),IF(M24>=4,"小xxx 强·⚠️反转?",IF(M24=3,"小xxx 强·连3期","小xxx ✅强用")),"小xxx △弱参考"))) | Q24: =IF(D24="","",VALUE(MID(TEXT(D24,"0000"),2,1))) | R24: =IF(E24="","",VALUE(MID(TEXT(E24,"0000"),2,1))) | S24: =IF(F24="","",VALUE(MID(TEXT(F24,"0000"),2,1))) | T24: =IF(D24="","",IF(COUNTIF(Q24:S24,">=5")=3,"🔴 全大",IF(COUNTIF(Q24:S24,">=5")=0,"🔵 全小",IF(COUNTIF(Q24:S24,">=5")=2,"▲ 偏大","▼ 偏小")))) | U24: =IF(D24="","",IF((MOD(Q24,2)=1)+(MOD(R24,2)=1)+(MOD(S24,2)=1)=3,"⚫ 全单",IF((MOD(Q24,2)=1)+(MOD(R24,2)=1)+(MOD(S24,2)=1)=0,"🟣 全双",IF((MOD(Q24,2)=1)+(MOD(R24,2)=1)+(MOD(S24,2)=1)=2,"◑ 偏单","◑ 偏双")))) | V24: =IF(D24="","",IF(D23="",1,IF(ISNUMBER(SEARCH("大",T24))=ISNUMBER(SEARCH("大",T23)),V23+1,1))) | W24: =IF(V24="","",IF(V24>=4,"🚨 "&V24&"期·警惕反转",IF(V24=3,"⚠️ 3期连续","—"))) | X24: =IF(T24="","—",IF(ISNUMBER(SEARCH("大",T24)),IF(OR(T24="🔴 全大"),IF(V24>=4,"x大xx 强·⚠️反转?",IF(V24=3,"x大xx 强·连3期","x大xx ✅强用")),"x大xx △弱参考"),IF(OR(T24="🔵 全小"),IF(V24>=4,"x小xx 强·⚠️反转?",IF(V24=3,"x小xx 强·连3期","x小xx ✅强用")),"x小xx △弱参考"))) | Z24: =IF(D24="","",VALUE(MID(TEXT(D24,"0000"),3,1))) | AA24: =IF(E24="","",VALUE(MID(TEXT(E24,"0000"),3,1))) | AB24: =IF(F24="","",VALUE(MID(TEXT(F24,"0000"),3,1))) | AC24: =IF(D24="","",IF(COUNTIF(Z24:AB24,">=5")=3,"🔴 全大",IF(COUNTIF(Z24:AB24,">=5")=0,"🔵 全小",IF(COUNTIF(Z24:AB24,">=5")=2,"▲ 偏大","▼ 偏小")))) | AD24: =IF(D24="","",IF((MOD(Z24,2)=1)+(MOD(AA24,2)=1)+(MOD(AB24,2)=1)=3,"⚫ 全单",IF((MOD(Z24,2)=1)+(MOD(AA24,2)=1)+(MOD(AB24,2)=1)=0,"🟣 全双",IF((MOD(Z24,2)=1)+(MOD(AA24,2)=1)+(MOD(AB24,2)=1)=2,"◑ 偏单","◑ 偏双")))) | AE24: =IF(D24="","",IF(D23="",1,IF(ISNUMBER(SEARCH("大",AC24))=ISNUMBER(SEARCH("大",AC23)),AE23+1,1))) | AF24: =IF(AE24="","",IF(AE24>=4,"🚨 "&AE24&"期·警惕反转",IF(AE24=3,"⚠️ 3期连续","—"))) | AG24: =IF(AC24="","—",IF(ISNUMBER(SEARCH("大",AC24)),IF(OR(AC24="🔴 全大"),IF(AE24>=4,"xx大x 强·⚠️反转?",IF(AE24=3,"xx大x 强·连3期","xx大x ✅强用")),"xx大x △弱参考"),IF(OR(AC24="🔵 全小"),IF(AE24>=4,"xx小x 强·⚠️反转?",IF(AE24=3,"xx小x 强·连3期","xx小x ✅强用")),"xx小x △弱参考"))) | AI24: =IF(D24="","",VALUE(MID(TEXT(D24,"0000"),4,1))) | AJ24: =IF(E24="","",VALUE(MID(TEXT(E24,"0000"),4,1))) | AK24: =IF(F24="","",VALUE(MID(TEXT(F24,"0000"),4,1))) | AL24: =IF(D24="","",IF(COUNTIF(AI24:AK24,">=5")=3,"🔴 全大",IF(COUNTIF(AI24:AK24,">=5")=0,"🔵 全小",IF(COUNTIF(AI24:AK24,">=5")=2,"▲ 偏大","▼ 偏小")))) | AM24: =IF(D24="","",IF((MOD(AI24,2)=1)+(MOD(AJ24,2)=1)+(MOD(AK24,2)=1)=3,"⚫ 全单",IF((MOD(AI24,2)=1)+(MOD(AJ24,2)=1)+(MOD(AK24,2)=1)=0,"🟣 全双",IF((MOD(AI24,2)=1)+(MOD(AJ24,2)=1)+(MOD(AK24,2)=1)=2,"◑ 偏单","◑ 偏双")))) | AN24: =IF(D24="","",IF(D23="",1,IF(ISNUMBER(SEARCH("大",AL24))=ISNUMBER(SEARCH("大",AL23)),AN23+1,1))) | AO24: =IF(AN24="","",IF(AN24>=4,"🚨 "&AN24&"期·警惕反转",IF(AN24=3,"⚠️ 3期连续","—"))) | AP24: =IF(AL24="","—",IF(ISNUMBER(SEARCH("大",AL24)),IF(OR(AL24="🔴 全大"),IF(AN24>=4,"xxx大 强·⚠️反转?",IF(AN24=3,"xxx大 强·连3期","xxx大 ✅强用")),"xxx大 △弱参考"),IF(OR(AL24="🔵 全小"),IF(AN24>=4,"xxx小 强·⚠️反转?",IF(AN24=3,"xxx小 强·连3期","xxx小 ✅强用")),"xxx小 △弱参考"))) | AR24: =IF(OR(D24="",D23=""),"—",IF(K23="","—",IF(ISNUMBER(SEARCH("大",K23)),IF(COUNTIF(H24:J24,">=5")>=2,"✅","❌"),IF(COUNTIF(H24:J24,">=5")<=1,"✅","❌")))) | AS24: =IF(OR(D24="",D23=""),"—",IF(T23="","—",IF(ISNUMBER(SEARCH("大",T23)),IF(COUNTIF(Q24:S24,">=5")>=2,"✅","❌"),IF(COUNTIF(Q24:S24,">=5")<=1,"✅","❌")))) | AT24: =IF(OR(D24="",D23=""),"—",IF(AC23="","—",IF(ISNUMBER(SEARCH("大",AC23)),IF(COUNTIF(Z24:AB24,">=5")>=2,"✅","❌"),IF(COUNTIF(Z24:AB24,">=5")<=1,"✅","❌")))) | AU24: =IF(OR(D24="",D23=""),"—",IF(AL23="","—",IF(ISNUMBER(SEARCH("大",AL23)),IF(COUNTIF(AI24:AK24,">=5")>=2,"✅","❌"),IF(COUNTIF(AI24:AK24,">=5")<=1,"✅","❌"))))
A25: 21 | H25: =IF(D25="","",VALUE(MID(TEXT(D25,"0000"),1,1))) | I25: =IF(E25="","",VALUE(MID(TEXT(E25,"0000"),1,1))) | J25: =IF(F25="","",VALUE(MID(TEXT(F25,"0000"),1,1))) | K25: =IF(D25="","",IF(COUNTIF(H25:J25,">=5")=3,"🔴 全大",IF(COUNTIF(H25:J25,">=5")=0,"🔵 全小",IF(COUNTIF(H25:J25,">=5")=2,"▲ 偏大","▼ 偏小")))) | L25: =IF(D25="","",IF((MOD(H25,2)=1)+(MOD(I25,2)=1)+(MOD(J25,2)=1)=3,"⚫ 全单",IF((MOD(H25,2)=1)+(MOD(I25,2)=1)+(MOD(J25,2)=1)=0,"🟣 全双",IF((MOD(H25,2)=1)+(MOD(I25,2)=1)+(MOD(J25,2)=1)=2,"◑ 偏单","◑ 偏双")))) | M25: =IF(D25="","",IF(D24="",1,IF(ISNUMBER(SEARCH("大",K25))=ISNUMBER(SEARCH("大",K24)),M24+1,1))) | N25: =IF(M25="","",IF(M25>=4,"🚨 "&M25&"期·警惕反转",IF(M25=3,"⚠️ 3期连续","—"))) | O25: =IF(K25="","—",IF(ISNUMBER(SEARCH("大",K25)),IF(OR(K25="🔴 全大"),IF(M25>=4,"大xxx 强·⚠️反转?",IF(M25=3,"大xxx 强·连3期","大xxx ✅强用")),"大xxx △弱参考"),IF(OR(K25="🔵 全小"),IF(M25>=4,"小xxx 强·⚠️反转?",IF(M25=3,"小xxx 强·连3期","小xxx ✅强用")),"小xxx △弱参考"))) | Q25: =IF(D25="","",VALUE(MID(TEXT(D25,"0000"),2,1))) | R25: =IF(E25="","",VALUE(MID(TEXT(E25,"0000"),2,1))) | S25: =IF(F25="","",VALUE(MID(TEXT(F25,"0000"),2,1))) | T25: =IF(D25="","",IF(COUNTIF(Q25:S25,">=5")=3,"🔴 全大",IF(COUNTIF(Q25:S25,">=5")=0,"🔵 全小",IF(COUNTIF(Q25:S25,">=5")=2,"▲ 偏大","▼ 偏小")))) | U25: =IF(D25="","",IF((MOD(Q25,2)=1)+(MOD(R25,2)=1)+(MOD(S25,2)=1)=3,"⚫ 全单",IF((MOD(Q25,2)=1)+(MOD(R25,2)=1)+(MOD(S25,2)=1)=0,"🟣 全双",IF((MOD(Q25,2)=1)+(MOD(R25,2)=1)+(MOD(S25,2)=1)=2,"◑ 偏单","◑ 偏双")))) | V25: =IF(D25="","",IF(D24="",1,IF(ISNUMBER(SEARCH("大",T25))=ISNUMBER(SEARCH("大",T24)),V24+1,1))) | W25: =IF(V25="","",IF(V25>=4,"🚨 "&V25&"期·警惕反转",IF(V25=3,"⚠️ 3期连续","—"))) | X25: =IF(T25="","—",IF(ISNUMBER(SEARCH("大",T25)),IF(OR(T25="🔴 全大"),IF(V25>=4,"x大xx 强·⚠️反转?",IF(V25=3,"x大xx 强·连3期","x大xx ✅强用")),"x大xx △弱参考"),IF(OR(T25="🔵 全小"),IF(V25>=4,"x小xx 强·⚠️反转?",IF(V25=3,"x小xx 强·连3期","x小xx ✅强用")),"x小xx △弱参考"))) | Z25: =IF(D25="","",VALUE(MID(TEXT(D25,"0000"),3,1))) | AA25: =IF(E25="","",VALUE(MID(TEXT(E25,"0000"),3,1))) | AB25: =IF(F25="","",VALUE(MID(TEXT(F25,"0000"),3,1))) | AC25: =IF(D25="","",IF(COUNTIF(Z25:AB25,">=5")=3,"🔴 全大",IF(COUNTIF(Z25:AB25,">=5")=0,"🔵 全小",IF(COUNTIF(Z25:AB25,">=5")=2,"▲ 偏大","▼ 偏小")))) | AD25: =IF(D25="","",IF((MOD(Z25,2)=1)+(MOD(AA25,2)=1)+(MOD(AB25,2)=1)=3,"⚫ 全单",IF((MOD(Z25,2)=1)+(MOD(AA25,2)=1)+(MOD(AB25,2)=1)=0,"🟣 全双",IF((MOD(Z25,2)=1)+(MOD(AA25,2)=1)+(MOD(AB25,2)=1)=2,"◑ 偏单","◑ 偏双")))) | AE25: =IF(D25="","",IF(D24="",1,IF(ISNUMBER(SEARCH("大",AC25))=ISNUMBER(SEARCH("大",AC24)),AE24+1,1))) | AF25: =IF(AE25="","",IF(AE25>=4,"🚨 "&AE25&"期·警惕反转",IF(AE25=3,"⚠️ 3期连续","—"))) | AG25: =IF(AC25="","—",IF(ISNUMBER(SEARCH("大",AC25)),IF(OR(AC25="🔴 全大"),IF(AE25>=4,"xx大x 强·⚠️反转?",IF(AE25=3,"xx大x 强·连3期","xx大x ✅强用")),"xx大x △弱参考"),IF(OR(AC25="🔵 全小"),IF(AE25>=4,"xx小x 强·⚠️反转?",IF(AE25=3,"xx小x 强·连3期","xx小x ✅强用")),"xx小x △弱参考"))) | AI25: =IF(D25="","",VALUE(MID(TEXT(D25,"0000"),4,1))) | AJ25: =IF(E25="","",VALUE(MID(TEXT(E25,"0000"),4,1))) | AK25: =IF(F25="","",VALUE(MID(TEXT(F25,"0000"),4,1))) | AL25: =IF(D25="","",IF(COUNTIF(AI25:AK25,">=5")=3,"🔴 全大",IF(COUNTIF(AI25:AK25,">=5")=0,"🔵 全小",IF(COUNTIF(AI25:AK25,">=5")=2,"▲ 偏大","▼ 偏小")))) | AM25: =IF(D25="","",IF((MOD(AI25,2)=1)+(MOD(AJ25,2)=1)+(MOD(AK25,2)=1)=3,"⚫ 全单",IF((MOD(AI25,2)=1)+(MOD(AJ25,2)=1)+(MOD(AK25,2)=1)=0,"🟣 全双",IF((MOD(AI25,2)=1)+(MOD(AJ25,2)=1)+(MOD(AK25,2)=1)=2,"◑ 偏单","◑ 偏双")))) | AN25: =IF(D25="","",IF(D24="",1,IF(ISNUMBER(SEARCH("大",AL25))=ISNUMBER(SEARCH("大",AL24)),AN24+1,1))) | AO25: =IF(AN25="","",IF(AN25>=4,"🚨 "&AN25&"期·警惕反转",IF(AN25=3,"⚠️ 3期连续","—"))) | AP25: =IF(AL25="","—",IF(ISNUMBER(SEARCH("大",AL25)),IF(OR(AL25="🔴 全大"),IF(AN25>=4,"xxx大 强·⚠️反转?",IF(AN25=3,"xxx大 强·连3期","xxx大 ✅强用")),"xxx大 △弱参考"),IF(OR(AL25="🔵 全小"),IF(AN25>=4,"xxx小 强·⚠️反转?",IF(AN25=3,"xxx小 强·连3期","xxx小 ✅强用")),"xxx小 △弱参考"))) | AR25: =IF(OR(D25="",D24=""),"—",IF(K24="","—",IF(ISNUMBER(SEARCH("大",K24)),IF(COUNTIF(H25:J25,">=5")>=2,"✅","❌"),IF(COUNTIF(H25:J25,">=5")<=1,"✅","❌")))) | AS25: =IF(OR(D25="",D24=""),"—",IF(T24="","—",IF(ISNUMBER(SEARCH("大",T24)),IF(COUNTIF(Q25:S25,">=5")>=2,"✅","❌"),IF(COUNTIF(Q25:S25,">=5")<=1,"✅","❌")))) | AT25: =IF(OR(D25="",D24=""),"—",IF(AC24="","—",IF(ISNUMBER(SEARCH("大",AC24)),IF(COUNTIF(Z25:AB25,">=5")>=2,"✅","❌"),IF(COUNTIF(Z25:AB25,">=5")<=1,"✅","❌")))) | AU25: =IF(OR(D25="",D24=""),"—",IF(AL24="","—",IF(ISNUMBER(SEARCH("大",AL24)),IF(COUNTIF(AI25:AK25,">=5")>=2,"✅","❌"),IF(COUNTIF(AI25:AK25,">=5")<=1,"✅","❌"))))
A26: 22 | H26: =IF(D26="","",VALUE(MID(TEXT(D26,"0000"),1,1))) | I26: =IF(E26="","",VALUE(MID(TEXT(E26,"0000"),1,1))) | J26: =IF(F26="","",VALUE(MID(TEXT(F26,"0000"),1,1))) | K26: =IF(D26="","",IF(COUNTIF(H26:J26,">=5")=3,"🔴 全大",IF(COUNTIF(H26:J26,">=5")=0,"🔵 全小",IF(COUNTIF(H26:J26,">=5")=2,"▲ 偏大","▼ 偏小")))) | L26: =IF(D26="","",IF((MOD(H26,2)=1)+(MOD(I26,2)=1)+(MOD(J26,2)=1)=3,"⚫ 全单",IF((MOD(H26,2)=1)+(MOD(I26,2)=1)+(MOD(J26,2)=1)=0,"🟣 全双",IF((MOD(H26,2)=1)+(MOD(I26,2)=1)+(MOD(J26,2)=1)=2,"◑ 偏单","◑ 偏双")))) | M26: =IF(D26="","",IF(D25="",1,IF(ISNUMBER(SEARCH("大",K26))=ISNUMBER(SEARCH("大",K25)),M25+1,1))) | N26: =IF(M26="","",IF(M26>=4,"🚨 "&M26&"期·警惕反转",IF(M26=3,"⚠️ 3期连续","—"))) | O26: =IF(K26="","—",IF(ISNUMBER(SEARCH("大",K26)),IF(OR(K26="🔴 全大"),IF(M26>=4,"大xxx 强·⚠️反转?",IF(M26=3,"大xxx 强·连3期","大xxx ✅强用")),"大xxx △弱参考"),IF(OR(K26="🔵 全小"),IF(M26>=4,"小xxx 强·⚠️反转?",IF(M26=3,"小xxx 强·连3期","小xxx ✅强用")),"小xxx △弱参考"))) | Q26: =IF(D26="","",VALUE(MID(TEXT(D26,"0000"),2,1))) | R26: =IF(E26="","",VALUE(MID(TEXT(E26,"0000"),2,1))) | S26: =IF(F26="","",VALUE(MID(TEXT(F26,"0000"),2,1))) | T26: =IF(D26="","",IF(COUNTIF(Q26:S26,">=5")=3,"🔴 全大",IF(COUNTIF(Q26:S26,">=5")=0,"🔵 全小",IF(COUNTIF(Q26:S26,">=5")=2,"▲ 偏大","▼ 偏小")))) | U26: =IF(D26="","",IF((MOD(Q26,2)=1)+(MOD(R26,2)=1)+(MOD(S26,2)=1)=3,"⚫ 全单",IF((MOD(Q26,2)=1)+(MOD(R26,2)=1)+(MOD(S26,2)=1)=0,"🟣 全双",IF((MOD(Q26,2)=1)+(MOD(R26,2)=1)+(MOD(S26,2)=1)=2,"◑ 偏单","◑ 偏双")))) | V26: =IF(D26="","",IF(D25="",1,IF(ISNUMBER(SEARCH("大",T26))=ISNUMBER(SEARCH("大",T25)),V25+1,1))) | W26: =IF(V26="","",IF(V26>=4,"🚨 "&V26&"期·警惕反转",IF(V26=3,"⚠️ 3期连续","—"))) | X26: =IF(T26="","—",IF(ISNUMBER(SEARCH("大",T26)),IF(OR(T26="🔴 全大"),IF(V26>=4,"x大xx 强·⚠️反转?",IF(V26=3,"x大xx 强·连3期","x大xx ✅强用")),"x大xx △弱参考"),IF(OR(T26="🔵 全小"),IF(V26>=4,"x小xx 强·⚠️反转?",IF(V26=3,"x小xx 强·连3期","x小xx ✅强用")),"x小xx △弱参考"))) | Z26: =IF(D26="","",VALUE(MID(TEXT(D26,"0000"),3,1))) | AA26: =IF(E26="","",VALUE(MID(TEXT(E26,"0000"),3,1))) | AB26: =IF(F26="","",VALUE(MID(TEXT(F26,"0000"),3,1))) | AC26: =IF(D26="","",IF(COUNTIF(Z26:AB26,">=5")=3,"🔴 全大",IF(COUNTIF(Z26:AB26,">=5")=0,"🔵 全小",IF(COUNTIF(Z26:AB26,">=5")=2,"▲ 偏大","▼ 偏小")))) | AD26: =IF(D26="","",IF((MOD(Z26,2)=1)+(MOD(AA26,2)=1)+(MOD(AB26,2)=1)=3,"⚫ 全单",IF((MOD(Z26,2)=1)+(MOD(AA26,2)=1)+(MOD(AB26,2)=1)=0,"🟣 全双",IF((MOD(Z26,2)=1)+(MOD(AA26,2)=1)+(MOD(AB26,2)=1)=2,"◑ 偏单","◑ 偏双")))) | AE26: =IF(D26="","",IF(D25="",1,IF(ISNUMBER(SEARCH("大",AC26))=ISNUMBER(SEARCH("大",AC25)),AE25+1,1))) | AF26: =IF(AE26="","",IF(AE26>=4,"🚨 "&AE26&"期·警惕反转",IF(AE26=3,"⚠️ 3期连续","—"))) | AG26: =IF(AC26="","—",IF(ISNUMBER(SEARCH("大",AC26)),IF(OR(AC26="🔴 全大"),IF(AE26>=4,"xx大x 强·⚠️反转?",IF(AE26=3,"xx大x 强·连3期","xx大x ✅强用")),"xx大x △弱参考"),IF(OR(AC26="🔵 全小"),IF(AE26>=4,"xx小x 强·⚠️反转?",IF(AE26=3,"xx小x 强·连3期","xx小x ✅强用")),"xx小x △弱参考"))) | AI26: =IF(D26="","",VALUE(MID(TEXT(D26,"0000"),4,1))) | AJ26: =IF(E26="","",VALUE(MID(TEXT(E26,"0000"),4,1))) | AK26: =IF(F26="","",VALUE(MID(TEXT(F26,"0000"),4,1))) | AL26: =IF(D26="","",IF(COUNTIF(AI26:AK26,">=5")=3,"🔴 全大",IF(COUNTIF(AI26:AK26,">=5")=0,"🔵 全小",IF(COUNTIF(AI26:AK26,">=5")=2,"▲ 偏大","▼ 偏小")))) | AM26: =IF(D26="","",IF((MOD(AI26,2)=1)+(MOD(AJ26,2)=1)+(MOD(AK26,2)=1)=3,"⚫ 全单",IF((MOD(AI26,2)=1)+(MOD(AJ26,2)=1)+(MOD(AK26,2)=1)=0,"🟣 全双",IF((MOD(AI26,2)=1)+(MOD(AJ26,2)=1)+(MOD(AK26,2)=1)=2,"◑ 偏单","◑ 偏双")))) | AN26: =IF(D26="","",IF(D25="",1,IF(ISNUMBER(SEARCH("大",AL26))=ISNUMBER(SEARCH("大",AL25)),AN25+1,1))) | AO26: =IF(AN26="","",IF(AN26>=4,"🚨 "&AN26&"期·警惕反转",IF(AN26=3,"⚠️ 3期连续","—"))) | AP26: =IF(AL26="","—",IF(ISNUMBER(SEARCH("大",AL26)),IF(OR(AL26="🔴 全大"),IF(AN26>=4,"xxx大 强·⚠️反转?",IF(AN26=3,"xxx大 强·连3期","xxx大 ✅强用")),"xxx大 △弱参考"),IF(OR(AL26="🔵 全小"),IF(AN26>=4,"xxx小 强·⚠️反转?",IF(AN26=3,"xxx小 强·连3期","xxx小 ✅强用")),"xxx小 △弱参考"))) | AR26: =IF(OR(D26="",D25=""),"—",IF(K25="","—",IF(ISNUMBER(SEARCH("大",K25)),IF(COUNTIF(H26:J26,">=5")>=2,"✅","❌"),IF(COUNTIF(H26:J26,">=5")<=1,"✅","❌")))) | AS26: =IF(OR(D26="",D25=""),"—",IF(T25="","—",IF(ISNUMBER(SEARCH("大",T25)),IF(COUNTIF(Q26:S26,">=5")>=2,"✅","❌"),IF(COUNTIF(Q26:S26,">=5")<=1,"✅","❌")))) | AT26: =IF(OR(D26="",D25=""),"—",IF(AC25="","—",IF(ISNUMBER(SEARCH("大",AC25)),IF(COUNTIF(Z26:AB26,">=5")>=2,"✅","❌"),IF(COUNTIF(Z26:AB26,">=5")<=1,"✅","❌")))) | AU26: =IF(OR(D26="",D25=""),"—",IF(AL25="","—",IF(ISNUMBER(SEARCH("大",AL25)),IF(COUNTIF(AI26:AK26,">=5")>=2,"✅","❌"),IF(COUNTIF(AI26:AK26,">=5")<=1,"✅","❌"))))
A27: 23 | H27: =IF(D27="","",VALUE(MID(TEXT(D27,"0000"),1,1))) | I27: =IF(E27="","",VALUE(MID(TEXT(E27,"0000"),1,1))) | J27: =IF(F27="","",VALUE(MID(TEXT(F27,"0000"),1,1))) | K27: =IF(D27="","",IF(COUNTIF(H27:J27,">=5")=3,"🔴 全大",IF(COUNTIF(H27:J27,">=5")=0,"🔵 全小",IF(COUNTIF(H27:J27,">=5")=2,"▲ 偏大","▼ 偏小")))) | L27: =IF(D27="","",IF((MOD(H27,2)=1)+(MOD(I27,2)=1)+(MOD(J27,2)=1)=3,"⚫ 全单",IF((MOD(H27,2)=1)+(MOD(I27,2)=1)+(MOD(J27,2)=1)=0,"🟣 全双",IF((MOD(H27,2)=1)+(MOD(I27,2)=1)+(MOD(J27,2)=1)=2,"◑ 偏单","◑ 偏双")))) | M27: =IF(D27="","",IF(D26="",1,IF(ISNUMBER(SEARCH("大",K27))=ISNUMBER(SEARCH("大",K26)),M26+1,1))) | N27: =IF(M27="","",IF(M27>=4,"🚨 "&M27&"期·警惕反转",IF(M27=3,"⚠️ 3期连续","—"))) | O27: =IF(K27="","—",IF(ISNUMBER(SEARCH("大",K27)),IF(OR(K27="🔴 全大"),IF(M27>=4,"大xxx 强·⚠️反转?",IF(M27=3,"大xxx 强·连3期","大xxx ✅强用")),"大xxx △弱参考"),IF(OR(K27="🔵 全小"),IF(M27>=4,"小xxx 强·⚠️反转?",IF(M27=3,"小xxx 强·连3期","小xxx ✅强用")),"小xxx △弱参考"))) | Q27: =IF(D27="","",VALUE(MID(TEXT(D27,"0000"),2,1))) | R27: =IF(E27="","",VALUE(MID(TEXT(E27,"0000"),2,1))) | S27: =IF(F27="","",VALUE(MID(TEXT(F27,"0000"),2,1))) | T27: =IF(D27="","",IF(COUNTIF(Q27:S27,">=5")=3,"🔴 全大",IF(COUNTIF(Q27:S27,">=5")=0,"🔵 全小",IF(COUNTIF(Q27:S27,">=5")=2,"▲ 偏大","▼ 偏小")))) | U27: =IF(D27="","",IF((MOD(Q27,2)=1)+(MOD(R27,2)=1)+(MOD(S27,2)=1)=3,"⚫ 全单",IF((MOD(Q27,2)=1)+(MOD(R27,2)=1)+(MOD(S27,2)=1)=0,"🟣 全双",IF((MOD(Q27,2)=1)+(MOD(R27,2)=1)+(MOD(S27,2)=1)=2,"◑ 偏单","◑ 偏双")))) | V27: =IF(D27="","",IF(D26="",1,IF(ISNUMBER(SEARCH("大",T27))=ISNUMBER(SEARCH("大",T26)),V26+1,1))) | W27: =IF(V27="","",IF(V27>=4,"🚨 "&V27&"期·警惕反转",IF(V27=3,"⚠️ 3期连续","—"))) | X27: =IF(T27="","—",IF(ISNUMBER(SEARCH("大",T27)),IF(OR(T27="🔴 全大"),IF(V27>=4,"x大xx 强·⚠️反转?",IF(V27=3,"x大xx 强·连3期","x大xx ✅强用")),"x大xx △弱参考"),IF(OR(T27="🔵 全小"),IF(V27>=4,"x小xx 强·⚠️反转?",IF(V27=3,"x小xx 强·连3期","x小xx ✅强用")),"x小xx △弱参考"))) | Z27: =IF(D27="","",VALUE(MID(TEXT(D27,"0000"),3,1))) | AA27: =IF(E27="","",VALUE(MID(TEXT(E27,"0000"),3,1))) | AB27: =IF(F27="","",VALUE(MID(TEXT(F27,"0000"),3,1))) | AC27: =IF(D27="","",IF(COUNTIF(Z27:AB27,">=5")=3,"🔴 全大",IF(COUNTIF(Z27:AB27,">=5")=0,"🔵 全小",IF(COUNTIF(Z27:AB27,">=5")=2,"▲ 偏大","▼ 偏小")))) | AD27: =IF(D27="","",IF((MOD(Z27,2)=1)+(MOD(AA27,2)=1)+(MOD(AB27,2)=1)=3,"⚫ 全单",IF((MOD(Z27,2)=1)+(MOD(AA27,2)=1)+(MOD(AB27,2)=1)=0,"🟣 全双",IF((MOD(Z27,2)=1)+(MOD(AA27,2)=1)+(MOD(AB27,2)=1)=2,"◑ 偏单","◑ 偏双")))) | AE27: =IF(D27="","",IF(D26="",1,IF(ISNUMBER(SEARCH("大",AC27))=ISNUMBER(SEARCH("大",AC26)),AE26+1,1))) | AF27: =IF(AE27="","",IF(AE27>=4,"🚨 "&AE27&"期·警惕反转",IF(AE27=3,"⚠️ 3期连续","—"))) | AG27: =IF(AC27="","—",IF(ISNUMBER(SEARCH("大",AC27)),IF(OR(AC27="🔴 全大"),IF(AE27>=4,"xx大x 强·⚠️反转?",IF(AE27=3,"xx大x 强·连3期","xx大x ✅强用")),"xx大x △弱参考"),IF(OR(AC27="🔵 全小"),IF(AE27>=4,"xx小x 强·⚠️反转?",IF(AE27=3,"xx小x 强·连3期","xx小x ✅强用")),"xx小x △弱参考"))) | AI27: =IF(D27="","",VALUE(MID(TEXT(D27,"0000"),4,1))) | AJ27: =IF(E27="","",VALUE(MID(TEXT(E27,"0000"),4,1))) | AK27: =IF(F27="","",VALUE(MID(TEXT(F27,"0000"),4,1))) | AL27: =IF(D27="","",IF(COUNTIF(AI27:AK27,">=5")=3,"🔴 全大",IF(COUNTIF(AI27:AK27,">=5")=0,"🔵 全小",IF(COUNTIF(AI27:AK27,">=5")=2,"▲ 偏大","▼ 偏小")))) | AM27: =IF(D27="","",IF((MOD(AI27,2)=1)+(MOD(AJ27,2)=1)+(MOD(AK27,2)=1)=3,"⚫ 全单",IF((MOD(AI27,2)=1)+(MOD(AJ27,2)=1)+(MOD(AK27,2)=1)=0,"🟣 全双",IF((MOD(AI27,2)=1)+(MOD(AJ27,2)=1)+(MOD(AK27,2)=1)=2,"◑ 偏单","◑ 偏双")))) | AN27: =IF(D27="","",IF(D26="",1,IF(ISNUMBER(SEARCH("大",AL27))=ISNUMBER(SEARCH("大",AL26)),AN26+1,1))) | AO27: =IF(AN27="","",IF(AN27>=4,"🚨 "&AN27&"期·警惕反转",IF(AN27=3,"⚠️ 3期连续","—"))) | AP27: =IF(AL27="","—",IF(ISNUMBER(SEARCH("大",AL27)),IF(OR(AL27="🔴 全大"),IF(AN27>=4,"xxx大 强·⚠️反转?",IF(AN27=3,"xxx大 强·连3期","xxx大 ✅强用")),"xxx大 △弱参考"),IF(OR(AL27="🔵 全小"),IF(AN27>=4,"xxx小 强·⚠️反转?",IF(AN27=3,"xxx小 强·连3期","xxx小 ✅强用")),"xxx小 △弱参考"))) | AR27: =IF(OR(D27="",D26=""),"—",IF(K26="","—",IF(ISNUMBER(SEARCH("大",K26)),IF(COUNTIF(H27:J27,">=5")>=2,"✅","❌"),IF(COUNTIF(H27:J27,">=5")<=1,"✅","❌")))) | AS27: =IF(OR(D27="",D26=""),"—",IF(T26="","—",IF(ISNUMBER(SEARCH("大",T26)),IF(COUNTIF(Q27:S27,">=5")>=2,"✅","❌"),IF(COUNTIF(Q27:S27,">=5")<=1,"✅","❌")))) | AT27: =IF(OR(D27="",D26=""),"—",IF(AC26="","—",IF(ISNUMBER(SEARCH("大",AC26)),IF(COUNTIF(Z27:AB27,">=5")>=2,"✅","❌"),IF(COUNTIF(Z27:AB27,">=5")<=1,"✅","❌")))) | AU27: =IF(OR(D27="",D26=""),"—",IF(AL26="","—",IF(ISNUMBER(SEARCH("大",AL26)),IF(COUNTIF(AI27:AK27,">=5")>=2,"✅","❌"),IF(COUNTIF(AI27:AK27,">=5")<=1,"✅","❌"))))
A28: 24 | H28: =IF(D28="","",VALUE(MID(TEXT(D28,"0000"),1,1))) | I28: =IF(E28="","",VALUE(MID(TEXT(E28,"0000"),1,1))) | J28: =IF(F28="","",VALUE(MID(TEXT(F28,"0000"),1,1))) | K28: =IF(D28="","",IF(COUNTIF(H28:J28,">=5")=3,"🔴 全大",IF(COUNTIF(H28:J28,">=5")=0,"🔵 全小",IF(COUNTIF(H28:J28,">=5")=2,"▲ 偏大","▼ 偏小")))) | L28: =IF(D28="","",IF((MOD(H28,2)=1)+(MOD(I28,2)=1)+(MOD(J28,2)=1)=3,"⚫ 全单",IF((MOD(H28,2)=1)+(MOD(I28,2)=1)+(MOD(J28,2)=1)=0,"🟣 全双",IF((MOD(H28,2)=1)+(MOD(I28,2)=1)+(MOD(J28,2)=1)=2,"◑ 偏单","◑ 偏双")))) | M28: =IF(D28="","",IF(D27="",1,IF(ISNUMBER(SEARCH("大",K28))=ISNUMBER(SEARCH("大",K27)),M27+1,1))) | N28: =IF(M28="","",IF(M28>=4,"🚨 "&M28&"期·警惕反转",IF(M28=3,"⚠️ 3期连续","—"))) | O28: =IF(K28="","—",IF(ISNUMBER(SEARCH("大",K28)),IF(OR(K28="🔴 全大"),IF(M28>=4,"大xxx 强·⚠️反转?",IF(M28=3,"大xxx 强·连3期","大xxx ✅强用")),"大xxx △弱参考"),IF(OR(K28="🔵 全小"),IF(M28>=4,"小xxx 强·⚠️反转?",IF(M28=3,"小xxx 强·连3期","小xxx ✅强用")),"小xxx △弱参考"))) | Q28: =IF(D28="","",VALUE(MID(TEXT(D28,"0000"),2,1))) | R28: =IF(E28="","",VALUE(MID(TEXT(E28,"0000"),2,1))) | S28: =IF(F28="","",VALUE(MID(TEXT(F28,"0000"),2,1))) | T28: =IF(D28="","",IF(COUNTIF(Q28:S28,">=5")=3,"🔴 全大",IF(COUNTIF(Q28:S28,">=5")=0,"🔵 全小",IF(COUNTIF(Q28:S28,">=5")=2,"▲ 偏大","▼ 偏小")))) | U28: =IF(D28="","",IF((MOD(Q28,2)=1)+(MOD(R28,2)=1)+(MOD(S28,2)=1)=3,"⚫ 全单",IF((MOD(Q28,2)=1)+(MOD(R28,2)=1)+(MOD(S28,2)=1)=0,"🟣 全双",IF((MOD(Q28,2)=1)+(MOD(R28,2)=1)+(MOD(S28,2)=1)=2,"◑ 偏单","◑ 偏双")))) | V28: =IF(D28="","",IF(D27="",1,IF(ISNUMBER(SEARCH("大",T28))=ISNUMBER(SEARCH("大",T27)),V27+1,1))) | W28: =IF(V28="","",IF(V28>=4,"🚨 "&V28&"期·警惕反转",IF(V28=3,"⚠️ 3期连续","—"))) | X28: =IF(T28="","—",IF(ISNUMBER(SEARCH("大",T28)),IF(OR(T28="🔴 全大"),IF(V28>=4,"x大xx 强·⚠️反转?",IF(V28=3,"x大xx 强·连3期","x大xx ✅强用")),"x大xx △弱参考"),IF(OR(T28="🔵 全小"),IF(V28>=4,"x小xx 强·⚠️反转?",IF(V28=3,"x小xx 强·连3期","x小xx ✅强用")),"x小xx △弱参考"))) | Z28: =IF(D28="","",VALUE(MID(TEXT(D28,"0000"),3,1))) | AA28: =IF(E28="","",VALUE(MID(TEXT(E28,"0000"),3,1))) | AB28: =IF(F28="","",VALUE(MID(TEXT(F28,"0000"),3,1))) | AC28: =IF(D28="","",IF(COUNTIF(Z28:AB28,">=5")=3,"🔴 全大",IF(COUNTIF(Z28:AB28,">=5")=0,"🔵 全小",IF(COUNTIF(Z28:AB28,">=5")=2,"▲ 偏大","▼ 偏小")))) | AD28: =IF(D28="","",IF((MOD(Z28,2)=1)+(MOD(AA28,2)=1)+(MOD(AB28,2)=1)=3,"⚫ 全单",IF((MOD(Z28,2)=1)+(MOD(AA28,2)=1)+(MOD(AB28,2)=1)=0,"🟣 全双",IF((MOD(Z28,2)=1)+(MOD(AA28,2)=1)+(MOD(AB28,2)=1)=2,"◑ 偏单","◑ 偏双")))) | AE28: =IF(D28="","",IF(D27="",1,IF(ISNUMBER(SEARCH("大",AC28))=ISNUMBER(SEARCH("大",AC27)),AE27+1,1))) | AF28: =IF(AE28="","",IF(AE28>=4,"🚨 "&AE28&"期·警惕反转",IF(AE28=3,"⚠️ 3期连续","—"))) | AG28: =IF(AC28="","—",IF(ISNUMBER(SEARCH("大",AC28)),IF(OR(AC28="🔴 全大"),IF(AE28>=4,"xx大x 强·⚠️反转?",IF(AE28=3,"xx大x 强·连3期","xx大x ✅强用")),"xx大x △弱参考"),IF(OR(AC28="🔵 全小"),IF(AE28>=4,"xx小x 强·⚠️反转?",IF(AE28=3,"xx小x 强·连3期","xx小x ✅强用")),"xx小x △弱参考"))) | AI28: =IF(D28="","",VALUE(MID(TEXT(D28,"0000"),4,1))) | AJ28: =IF(E28="","",VALUE(MID(TEXT(E28,"0000"),4,1))) | AK28: =IF(F28="","",VALUE(MID(TEXT(F28,"0000"),4,1))) | AL28: =IF(D28="","",IF(COUNTIF(AI28:AK28,">=5")=3,"🔴 全大",IF(COUNTIF(AI28:AK28,">=5")=0,"🔵 全小",IF(COUNTIF(AI28:AK28,">=5")=2,"▲ 偏大","▼ 偏小")))) | AM28: =IF(D28="","",IF((MOD(AI28,2)=1)+(MOD(AJ28,2)=1)+(MOD(AK28,2)=1)=3,"⚫ 全单",IF((MOD(AI28,2)=1)+(MOD(AJ28,2)=1)+(MOD(AK28,2)=1)=0,"🟣 全双",IF((MOD(AI28,2)=1)+(MOD(AJ28,2)=1)+(MOD(AK28,2)=1)=2,"◑ 偏单","◑ 偏双")))) | AN28: =IF(D28="","",IF(D27="",1,IF(ISNUMBER(SEARCH("大",AL28))=ISNUMBER(SEARCH("大",AL27)),AN27+1,1))) | AO28: =IF(AN28="","",IF(AN28>=4,"🚨 "&AN28&"期·警惕反转",IF(AN28=3,"⚠️ 3期连续","—"))) | AP28: =IF(AL28="","—",IF(ISNUMBER(SEARCH("大",AL28)),IF(OR(AL28="🔴 全大"),IF(AN28>=4,"xxx大 强·⚠️反转?",IF(AN28=3,"xxx大 强·连3期","xxx大 ✅强用")),"xxx大 △弱参考"),IF(OR(AL28="🔵 全小"),IF(AN28>=4,"xxx小 强·⚠️反转?",IF(AN28=3,"xxx小 强·连3期","xxx小 ✅强用")),"xxx小 △弱参考"))) | AR28: =IF(OR(D28="",D27=""),"—",IF(K27="","—",IF(ISNUMBER(SEARCH("大",K27)),IF(COUNTIF(H28:J28,">=5")>=2,"✅","❌"),IF(COUNTIF(H28:J28,">=5")<=1,"✅","❌")))) | AS28: =IF(OR(D28="",D27=""),"—",IF(T27="","—",IF(ISNUMBER(SEARCH("大",T27)),IF(COUNTIF(Q28:S28,">=5")>=2,"✅","❌"),IF(COUNTIF(Q28:S28,">=5")<=1,"✅","❌")))) | AT28: =IF(OR(D28="",D27=""),"—",IF(AC27="","—",IF(ISNUMBER(SEARCH("大",AC27)),IF(COUNTIF(Z28:AB28,">=5")>=2,"✅","❌"),IF(COUNTIF(Z28:AB28,">=5")<=1,"✅","❌")))) | AU28: =IF(OR(D28="",D27=""),"—",IF(AL27="","—",IF(ISNUMBER(SEARCH("大",AL27)),IF(COUNTIF(AI28:AK28,">=5")>=2,"✅","❌"),IF(COUNTIF(AI28:AK28,">=5")<=1,"✅","❌"))))
A29: 25 | H29: =IF(D29="","",VALUE(MID(TEXT(D29,"0000"),1,1))) | I29: =IF(E29="","",VALUE(MID(TEXT(E29,"0000"),1,1))) | J29: =IF(F29="","",VALUE(MID(TEXT(F29,"0000"),1,1))) | K29: =IF(D29="","",IF(COUNTIF(H29:J29,">=5")=3,"🔴 全大",IF(COUNTIF(H29:J29,">=5")=0,"🔵 全小",IF(COUNTIF(H29:J29,">=5")=2,"▲ 偏大","▼ 偏小")))) | L29: =IF(D29="","",IF((MOD(H29,2)=1)+(MOD(I29,2)=1)+(MOD(J29,2)=1)=3,"⚫ 全单",IF((MOD(H29,2)=1)+(MOD(I29,2)=1)+(MOD(J29,2)=1)=0,"🟣 全双",IF((MOD(H29,2)=1)+(MOD(I29,2)=1)+(MOD(J29,2)=1)=2,"◑ 偏单","◑ 偏双")))) | M29: =IF(D29="","",IF(D28="",1,IF(ISNUMBER(SEARCH("大",K29))=ISNUMBER(SEARCH("大",K28)),M28+1,1))) | N29: =IF(M29="","",IF(M29>=4,"🚨 "&M29&"期·警惕反转",IF(M29=3,"⚠️ 3期连续","—"))) | O29: =IF(K29="","—",IF(ISNUMBER(SEARCH("大",K29)),IF(OR(K29="🔴 全大"),IF(M29>=4,"大xxx 强·⚠️反转?",IF(M29=3,"大xxx 强·连3期","大xxx ✅强用")),"大xxx △弱参考"),IF(OR(K29="🔵 全小"),IF(M29>=4,"小xxx 强·⚠️反转?",IF(M29=3,"小xxx 强·连3期","小xxx ✅强用")),"小xxx △弱参考"))) | Q29: =IF(D29="","",VALUE(MID(TEXT(D29,"0000"),2,1))) | R29: =IF(E29="","",VALUE(MID(TEXT(E29,"0000"),2,1))) | S29: =IF(F29="","",VALUE(MID(TEXT(F29,"0000"),2,1))) | T29: =IF(D29="","",IF(COUNTIF(Q29:S29,">=5")=3,"🔴 全大",IF(COUNTIF(Q29:S29,">=5")=0,"🔵 全小",IF(COUNTIF(Q29:S29,">=5")=2,"▲ 偏大","▼ 偏小")))) | U29: =IF(D29="","",IF((MOD(Q29,2)=1)+(MOD(R29,2)=1)+(MOD(S29,2)=1)=3,"⚫ 全单",IF((MOD(Q29,2)=1)+(MOD(R29,2)=1)+(MOD(S29,2)=1)=0,"🟣 全双",IF((MOD(Q29,2)=1)+(MOD(R29,2)=1)+(MOD(S29,2)=1)=2,"◑ 偏单","◑ 偏双")))) | V29: =IF(D29="","",IF(D28="",1,IF(ISNUMBER(SEARCH("大",T29))=ISNUMBER(SEARCH("大",T28)),V28+1,1))) | W29: =IF(V29="","",IF(V29>=4,"🚨 "&V29&"期·警惕反转",IF(V29=3,"⚠️ 3期连续","—"))) | X29: =IF(T29="","—",IF(ISNUMBER(SEARCH("大",T29)),IF(OR(T29="🔴 全大"),IF(V29>=4,"x大xx 强·⚠️反转?",IF(V29=3,"x大xx 强·连3期","x大xx ✅强用")),"x大xx △弱参考"),IF(OR(T29="🔵 全小"),IF(V29>=4,"x小xx 强·⚠️反转?",IF(V29=3,"x小xx 强·连3期","x小xx ✅强用")),"x小xx △弱参考"))) | Z29: =IF(D29="","",VALUE(MID(TEXT(D29,"0000"),3,1))) | AA29: =IF(E29="","",VALUE(MID(TEXT(E29,"0000"),3,1))) | AB29: =IF(F29="","",VALUE(MID(TEXT(F29,"0000"),3,1))) | AC29: =IF(D29="","",IF(COUNTIF(Z29:AB29,">=5")=3,"🔴 全大",IF(COUNTIF(Z29:AB29,">=5")=0,"🔵 全小",IF(COUNTIF(Z29:AB29,">=5")=2,"▲ 偏大","▼ 偏小")))) | AD29: =IF(D29="","",IF((MOD(Z29,2)=1)+(MOD(AA29,2)=1)+(MOD(AB29,2)=1)=3,"⚫ 全单",IF((MOD(Z29,2)=1)+(MOD(AA29,2)=1)+(MOD(AB29,2)=1)=0,"🟣 全双",IF((MOD(Z29,2)=1)+(MOD(AA29,2)=1)+(MOD(AB29,2)=1)=2,"◑ 偏单","◑ 偏双")))) | AE29: =IF(D29="","",IF(D28="",1,IF(ISNUMBER(SEARCH("大",AC29))=ISNUMBER(SEARCH("大",AC28)),AE28+1,1))) | AF29: =IF(AE29="","",IF(AE29>=4,"🚨 "&AE29&"期·警惕反转",IF(AE29=3,"⚠️ 3期连续","—"))) | AG29: =IF(AC29="","—",IF(ISNUMBER(SEARCH("大",AC29)),IF(OR(AC29="🔴 全大"),IF(AE29>=4,"xx大x 强·⚠️反转?",IF(AE29=3,"xx大x 强·连3期","xx大x ✅强用")),"xx大x △弱参考"),IF(OR(AC29="🔵 全小"),IF(AE29>=4,"xx小x 强·⚠️反转?",IF(AE29=3,"xx小x 强·连3期","xx小x ✅强用")),"xx小x △弱参考"))) | AI29: =IF(D29="","",VALUE(MID(TEXT(D29,"0000"),4,1))) | AJ29: =IF(E29="","",VALUE(MID(TEXT(E29,"0000"),4,1))) | AK29: =IF(F29="","",VALUE(MID(TEXT(F29,"0000"),4,1))) | AL29: =IF(D29="","",IF(COUNTIF(AI29:AK29,">=5")=3,"🔴 全大",IF(COUNTIF(AI29:AK29,">=5")=0,"🔵 全小",IF(COUNTIF(AI29:AK29,">=5")=2,"▲ 偏大","▼ 偏小")))) | AM29: =IF(D29="","",IF((MOD(AI29,2)=1)+(MOD(AJ29,2)=1)+(MOD(AK29,2)=1)=3,"⚫ 全单",IF((MOD(AI29,2)=1)+(MOD(AJ29,2)=1)+(MOD(AK29,2)=1)=0,"🟣 全双",IF((MOD(AI29,2)=1)+(MOD(AJ29,2)=1)+(MOD(AK29,2)=1)=2,"◑ 偏单","◑ 偏双")))) | AN29: =IF(D29="","",IF(D28="",1,IF(ISNUMBER(SEARCH("大",AL29))=ISNUMBER(SEARCH("大",AL28)),AN28+1,1))) | AO29: =IF(AN29="","",IF(AN29>=4,"🚨 "&AN29&"期·警惕反转",IF(AN29=3,"⚠️ 3期连续","—"))) | AP29: =IF(AL29="","—",IF(ISNUMBER(SEARCH("大",AL29)),IF(OR(AL29="🔴 全大"),IF(AN29>=4,"xxx大 强·⚠️反转?",IF(AN29=3,"xxx大 强·连3期","xxx大 ✅强用")),"xxx大 △弱参考"),IF(OR(AL29="🔵 全小"),IF(AN29>=4,"xxx小 强·⚠️反转?",IF(AN29=3,"xxx小 强·连3期","xxx小 ✅强用")),"xxx小 △弱参考"))) | AR29: =IF(OR(D29="",D28=""),"—",IF(K28="","—",IF(ISNUMBER(SEARCH("大",K28)),IF(COUNTIF(H29:J29,">=5")>=2,"✅","❌"),IF(COUNTIF(H29:J29,">=5")<=1,"✅","❌")))) | AS29: =IF(OR(D29="",D28=""),"—",IF(T28="","—",IF(ISNUMBER(SEARCH("大",T28)),IF(COUNTIF(Q29:S29,">=5")>=2,"✅","❌"),IF(COUNTIF(Q29:S29,">=5")<=1,"✅","❌")))) | AT29: =IF(OR(D29="",D28=""),"—",IF(AC28="","—",IF(ISNUMBER(SEARCH("大",AC28)),IF(COUNTIF(Z29:AB29,">=5")>=2,"✅","❌"),IF(COUNTIF(Z29:AB29,">=5")<=1,"✅","❌")))) | AU29: =IF(OR(D29="",D28=""),"—",IF(AL28="","—",IF(ISNUMBER(SEARCH("大",AL28)),IF(COUNTIF(AI29:AK29,">=5")>=2,"✅","❌"),IF(COUNTIF(AI29:AK29,">=5")<=1,"✅","❌"))))
A30: 26 | H30: =IF(D30="","",VALUE(MID(TEXT(D30,"0000"),1,1))) | I30: =IF(E30="","",VALUE(MID(TEXT(E30,"0000"),1,1))) | J30: =IF(F30="","",VALUE(MID(TEXT(F30,"0000"),1,1))) | K30: =IF(D30="","",IF(COUNTIF(H30:J30,">=5")=3,"🔴 全大",IF(COUNTIF(H30:J30,">=5")=0,"🔵 全小",IF(COUNTIF(H30:J30,">=5")=2,"▲ 偏大","▼ 偏小")))) | L30: =IF(D30="","",IF((MOD(H30,2)=1)+(MOD(I30,2)=1)+(MOD(J30,2)=1)=3,"⚫ 全单",IF((MOD(H30,2)=1)+(MOD(I30,2)=1)+(MOD(J30,2)=1)=0,"🟣 全双",IF((MOD(H30,2)=1)+(MOD(I30,2)=1)+(MOD(J30,2)=1)=2,"◑ 偏单","◑ 偏双")))) | M30: =IF(D30="","",IF(D29="",1,IF(ISNUMBER(SEARCH("大",K30))=ISNUMBER(SEARCH("大",K29)),M29+1,1))) | N30: =IF(M30="","",IF(M30>=4,"🚨 "&M30&"期·警惕反转",IF(M30=3,"⚠️ 3期连续","—"))) | O30: =IF(K30="","—",IF(ISNUMBER(SEARCH("大",K30)),IF(OR(K30="🔴 全大"),IF(M30>=4,"大xxx 强·⚠️反转?",IF(M30=3,"大xxx 强·连3期","大xxx ✅强用")),"大xxx △弱参考"),IF(OR(K30="🔵 全小"),IF(M30>=4,"小xxx 强·⚠️反转?",IF(M30=3,"小xxx 强·连3期","小xxx ✅强用")),"小xxx △弱参考"))) | Q30: =IF(D30="","",VALUE(MID(TEXT(D30,"0000"),2,1))) | R30: =IF(E30="","",VALUE(MID(TEXT(E30,"0000"),2,1))) | S30: =IF(F30="","",VALUE(MID(TEXT(F30,"0000"),2,1))) | T30: =IF(D30="","",IF(COUNTIF(Q30:S30,">=5")=3,"🔴 全大",IF(COUNTIF(Q30:S30,">=5")=0,"🔵 全小",IF(COUNTIF(Q30:S30,">=5")=2,"▲ 偏大","▼ 偏小")))) | U30: =IF(D30="","",IF((MOD(Q30,2)=1)+(MOD(R30,2)=1)+(MOD(S30,2)=1)=3,"⚫ 全单",IF((MOD(Q30,2)=1)+(MOD(R30,2)=1)+(MOD(S30,2)=1)=0,"🟣 全双",IF((MOD(Q30,2)=1)+(MOD(R30,2)=1)+(MOD(S30,2)=1)=2,"◑ 偏单","◑ 偏双")))) | V30: =IF(D30="","",IF(D29="",1,IF(ISNUMBER(SEARCH("大",T30))=ISNUMBER(SEARCH("大",T29)),V29+1,1))) | W30: =IF(V30="","",IF(V30>=4,"🚨 "&V30&"期·警惕反转",IF(V30=3,"⚠️ 3期连续","—"))) | X30: =IF(T30="","—",IF(ISNUMBER(SEARCH("大",T30)),IF(OR(T30="🔴 全大"),IF(V30>=4,"x大xx 强·⚠️反转?",IF(V30=3,"x大xx 强·连3期","x大xx ✅强用")),"x大xx △弱参考"),IF(OR(T30="🔵 全小"),IF(V30>=4,"x小xx 强·⚠️反转?",IF(V30=3,"x小xx 强·连3期","x小xx ✅强用")),"x小xx △弱参考"))) | Z30: =IF(D30="","",VALUE(MID(TEXT(D30,"0000"),3,1))) | AA30: =IF(E30="","",VALUE(MID(TEXT(E30,"0000"),3,1))) | AB30: =IF(F30="","",VALUE(MID(TEXT(F30,"0000"),3,1))) | AC30: =IF(D30="","",IF(COUNTIF(Z30:AB30,">=5")=3,"🔴 全大",IF(COUNTIF(Z30:AB30,">=5")=0,"🔵 全小",IF(COUNTIF(Z30:AB30,">=5")=2,"▲ 偏大","▼ 偏小")))) | AD30: =IF(D30="","",IF((MOD(Z30,2)=1)+(MOD(AA30,2)=1)+(MOD(AB30,2)=1)=3,"⚫ 全单",IF((MOD(Z30,2)=1)+(MOD(AA30,2)=1)+(MOD(AB30,2)=1)=0,"🟣 全双",IF((MOD(Z30,2)=1)+(MOD(AA30,2)=1)+(MOD(AB30,2)=1)=2,"◑ 偏单","◑ 偏双")))) | AE30: =IF(D30="","",IF(D29="",1,IF(ISNUMBER(SEARCH("大",AC30))=ISNUMBER(SEARCH("大",AC29)),AE29+1,1))) | AF30: =IF(AE30="","",IF(AE30>=4,"🚨 "&AE30&"期·警惕反转",IF(AE30=3,"⚠️ 3期连续","—"))) | AG30: =IF(AC30="","—",IF(ISNUMBER(SEARCH("大",AC30)),IF(OR(AC30="🔴 全大"),IF(AE30>=4,"xx大x 强·⚠️反转?",IF(AE30=3,"xx大x 强·连3期","xx大x ✅强用")),"xx大x △弱参考"),IF(OR(AC30="🔵 全小"),IF(AE30>=4,"xx小x 强·⚠️反转?",IF(AE30=3,"xx小x 强·连3期","xx小x ✅强用")),"xx小x △弱参考"))) | AI30: =IF(D30="","",VALUE(MID(TEXT(D30,"0000"),4,1))) | AJ30: =IF(E30="","",VALUE(MID(TEXT(E30,"0000"),4,1))) | AK30: =IF(F30="","",VALUE(MID(TEXT(F30,"0000"),4,1))) | AL30: =IF(D30="","",IF(COUNTIF(AI30:AK30,">=5")=3,"🔴 全大",IF(COUNTIF(AI30:AK30,">=5")=0,"🔵 全小",IF(COUNTIF(AI30:AK30,">=5")=2,"▲ 偏大","▼ 偏小")))) | AM30: =IF(D30="","",IF((MOD(AI30,2)=1)+(MOD(AJ30,2)=1)+(MOD(AK30,2)=1)=3,"⚫ 全单",IF((MOD(AI30,2)=1)+(MOD(AJ30,2)=1)+(MOD(AK30,2)=1)=0,"🟣 全双",IF((MOD(AI30,2)=1)+(MOD(AJ30,2)=1)+(MOD(AK30,2)=1)=2,"◑ 偏单","◑ 偏双")))) | AN30: =IF(D30="","",IF(D29="",1,IF(ISNUMBER(SEARCH("大",AL30))=ISNUMBER(SEARCH("大",AL29)),AN29+1,1))) | AO30: =IF(AN30="","",IF(AN30>=4,"🚨 "&AN30&"期·警惕反转",IF(AN30=3,"⚠️ 3期连续","—"))) | AP30: =IF(AL30="","—",IF(ISNUMBER(SEARCH("大",AL30)),IF(OR(AL30="🔴 全大"),IF(AN30>=4,"xxx大 强·⚠️反转?",IF(AN30=3,"xxx大 强·连3期","xxx大 ✅强用")),"xxx大 △弱参考"),IF(OR(AL30="🔵 全小"),IF(AN30>=4,"xxx小 强·⚠️反转?",IF(AN30=3,"xxx小 强·连3期","xxx小 ✅强用")),"xxx小 △弱参考"))) | AR30: =IF(OR(D30="",D29=""),"—",IF(K29="","—",IF(ISNUMBER(SEARCH("大",K29)),IF(COUNTIF(H30:J30,">=5")>=2,"✅","❌"),IF(COUNTIF(H30:J30,">=5")<=1,"✅","❌")))) | AS30: =IF(OR(D30="",D29=""),"—",IF(T29="","—",IF(ISNUMBER(SEARCH("大",T29)),IF(COUNTIF(Q30:S30,">=5")>=2,"✅","❌"),IF(COUNTIF(Q30:S30,">=5")<=1,"✅","❌")))) | AT30: =IF(OR(D30="",D29=""),"—",IF(AC29="","—",IF(ISNUMBER(SEARCH("大",AC29)),IF(COUNTIF(Z30:AB30,">=5")>=2,"✅","❌"),IF(COUNTIF(Z30:AB30,">=5")<=1,"✅","❌")))) | AU30: =IF(OR(D30="",D29=""),"—",IF(AL29="","—",IF(ISNUMBER(SEARCH("大",AL29)),IF(COUNTIF(AI30:AK30,">=5")>=2,"✅","❌"),IF(COUNTIF(AI30:AK30,">=5")<=1,"✅","❌"))))
... A64: 60 | H64: =IF(D64="","",VALUE(MID(TEXT(D64,"0000"),1,1))) | I64: =IF(E64="","",VALUE(MID(TEXT(E64,"0000"),1,1))) | J64: =IF(F64="","",VALUE(MID(TEXT(F64,"0000"),1,1))) | K64: =IF(D64="","",IF(COUNTIF(H64:J64,">=5")=3,"🔴 全大",IF(COUNTIF(H64:J64,">=5")=0,"🔵 全小",IF(COUNTIF(H64:J64,">=5")=2,"▲ 偏大","▼ 偏小")))) | L64: =IF(D64="","",IF((MOD(H64,2)=1)+(MOD(I64,2)=1)+(MOD(J64,2)=1)=3,"⚫ 全单",IF((MOD(H64,2)=1)+(MOD(I64,2)=1)+(MOD(J64,2)=1)=0,"🟣 全双",IF((MOD(H64,2)=1)+(MOD(I64,2)=1)+(MOD(J64,2)=1)=2,"◑ 偏单","◑ 偏双")))) | M64: =IF(D64="","",IF(D63="",1,IF(ISNUMBER(SEARCH("大",K64))=ISNUMBER(SEARCH("大",K63)),M63+1,1))) | N64: =IF(M64="","",IF(M64>=4,"🚨 "&M64&"期·警惕反转",IF(M64=3,"⚠️ 3期连续","—"))) | O64: =IF(K64="","—",IF(ISNUMBER(SEARCH("大",K64)),IF(OR(K64="🔴 全大"),IF(M64>=4,"大xxx 强·⚠️反转?",IF(M64=3,"大xxx 强·连3期","大xxx ✅强用")),"大xxx △弱参考"),IF(OR(K64="🔵 全小"),IF(M64>=4,"小xxx 强·⚠️反转?",IF(M64=3,"小xxx 强·连3期","小xxx ✅强用")),"小xxx △弱参考"))) | Q64: =IF(D64="","",VALUE(MID(TEXT(D64,"0000"),2,1))) | R64: =IF(E64="","",VALUE(MID(TEXT(E64,"0000"),2,1))) | S64: =IF(F64="","",VALUE(MID(TEXT(F64,"0000"),2,1))) | T64: =IF(D64="","",IF(COUNTIF(Q64:S64,">=5")=3,"🔴 全大",IF(COUNTIF(Q64:S64,">=5")=0,"🔵 全小",IF(COUNTIF(Q64:S64,">=5")=2,"▲ 偏大","▼ 偏小")))) | U64: =IF(D64="","",IF((MOD(Q64,2)=1)+(MOD(R64,2)=1)+(MOD(S64,2)=1)=3,"⚫ 全单",IF((MOD(Q64,2)=1)+(MOD(R64,2)=1)+(MOD(S64,2)=1)=0,"🟣 全双",IF((MOD(Q64,2)=1)+(MOD(R64,2)=1)+(MOD(S64,2)=1)=2,"◑ 偏单","◑ 偏双")))) | V64: =IF(D64="","",IF(D63="",1,IF(ISNUMBER(SEARCH("大",T64))=ISNUMBER(SEARCH("大",T63)),V63+1,1))) | W64: =IF(V64="","",IF(V64>=4,"🚨 "&V64&"期·警惕反转",IF(V64=3,"⚠️ 3期连续","—"))) | X64: =IF(T64="","—",IF(ISNUMBER(SEARCH("大",T64)),IF(OR(T64="🔴 全大"),IF(V64>=4,"x大xx 强·⚠️反转?",IF(V64=3,"x大xx 强·连3期","x大xx ✅强用")),"x大xx △弱参考"),IF(OR(T64="🔵 全小"),IF(V64>=4,"x小xx 强·⚠️反转?",IF(V64=3,"x小xx 强·连3期","x小xx ✅强用")),"x小xx △弱参考"))) | Z64: =IF(D64="","",VALUE(MID(TEXT(D64,"0000"),3,1))) | AA64: =IF(E64="","",VALUE(MID(TEXT(E64,"0000"),3,1))) | AB64: =IF(F64="","",VALUE(MID(TEXT(F64,"0000"),3,1))) | AC64: =IF(D64="","",IF(COUNTIF(Z64:AB64,">=5")=3,"🔴 全大",IF(COUNTIF(Z64:AB64,">=5")=0,"🔵 全小",IF(COUNTIF(Z64:AB64,">=5")=2,"▲ 偏大","▼ 偏小")))) | AD64: =IF(D64="","",IF((MOD(Z64,2)=1)+(MOD(AA64,2)=1)+(MOD(AB64,2)=1)=3,"⚫ 全单",IF((MOD(Z64,2)=1)+(MOD(AA64,2)=1)+(MOD(AB64,2)=1)=0,"🟣 全双",IF((MOD(Z64,2)=1)+(MOD(AA64,2)=1)+(MOD(AB64,2)=1)=2,"◑ 偏单","◑ 偏双")))) | AE64: =IF(D64="","",IF(D63="",1,IF(ISNUMBER(SEARCH("大",AC64))=ISNUMBER(SEARCH("大",AC63)),AE63+1,1))) | AF64: =IF(AE64="","",IF(AE64>=4,"🚨 "&AE64&"期·警惕反转",IF(AE64=3,"⚠️ 3期连续","—"))) | AG64: =IF(AC64="","—",IF(ISNUMBER(SEARCH("大",AC64)),IF(OR(AC64="🔴 全大"),IF(AE64>=4,"xx大x 强·⚠️反转?",IF(AE64=3,"xx大x 强·连3期","xx大x ✅强用")),"xx大x △弱参考"),IF(OR(AC64="🔵 全小"),IF(AE64>=4,"xx小x 强·⚠️反转?",IF(AE64=3,"xx小x 强·连3期","xx小x ✅强用")),"xx小x △弱参考"))) | AI64: =IF(D64="","",VALUE(MID(TEXT(D64,"0000"),4,1))) | AJ64: =IF(E64="","",VALUE(MID(TEXT(E64,"0000"),4,1))) | AK64: =IF(F64="","",VALUE(MID(TEXT(F64,"0000"),4,1))) | AL64: =IF(D64="","",IF(COUNTIF(AI64:AK64,">=5")=3,"🔴 全大",IF(COUNTIF(AI64:AK64,">=5")=0,"🔵 全小",IF(COUNTIF(AI64:AK64,">=5")=2,"▲ 偏大","▼ 偏小")))) | AM64: =IF(D64="","",IF((MOD(AI64,2)=1)+(MOD(AJ64,2)=1)+(MOD(AK64,2)=1)=3,"⚫ 全单",IF((MOD(AI64,2)=1)+(MOD(AJ64,2)=1)+(MOD(AK64,2)=1)=0,"🟣 全双",IF((MOD(AI64,2)=1)+(MOD(AJ64,2)=1)+(MOD(AK64,2)=1)=2,"◑ 偏单","◑ 偏双")))) | AN64: =IF(D64="","",IF(D63="",1,IF(ISNUMBER(SEARCH("大",AL64))=ISNUMBER(SEARCH("大",AL63)),AN63+1,1))) | AO64: =IF(AN64="","",IF(AN64>=4,"🚨 "&AN64&"期·警惕反转",IF(AN64=3,"⚠️ 3期连续","—"))) | AP64: =IF(AL64="","—",IF(ISNUMBER(SEARCH("大",AL64)),IF(OR(AL64="🔴 全大"),IF(AN64>=4,"xxx大 强·⚠️反转?",IF(AN64=3,"xxx大 强·连3期","xxx大 ✅强用")),"xxx大 △弱参考"),IF(OR(AL64="🔵 全小"),IF(AN64>=4,"xxx小 强·⚠️反转?",IF(AN64=3,"xxx小 强·连3期","xxx小 ✅强用")),"xxx小 △弱参考"))) | AR64: =IF(OR(D64="",D63=""),"—",IF(K63="","—",IF(ISNUMBER(SEARCH("大",K63)),IF(COUNTIF(H64:J64,">=5")>=2,"✅","❌"),IF(COUNTIF(H64:J64,">=5")<=1,"✅","❌")))) | AS64: =IF(OR(D64="",D63=""),"—",IF(T63="","—",IF(ISNUMBER(SEARCH("大",T63)),IF(COUNTIF(Q64:S64,">=5")>=2,"✅","❌"),IF(COUNTIF(Q64:S64,">=5")<=1,"✅","❌")))) | AT64: =IF(OR(D64="",D63=""),"—",IF(AC63="","—",IF(ISNUMBER(SEARCH("大",AC63)),IF(COUNTIF(Z64:AB64,">=5")>=2,"✅","❌"),IF(COUNTIF(Z64:AB64,">=5")<=1,"✅","❌")))) | AU64: =IF(OR(D64="",D63=""),"—",IF(AL63="","—",IF(ISNUMBER(SEARCH("大",AL63)),IF(COUNTIF(AI64:AK64,">=5")>=2,"✅","❌"),IF(COUNTIF(AI64:AK64,">=5")<=1,"✅","❌"))))
A67: 📊 各位置信号历史命中率
A68: 千位 | F68: 百位 | K68: 十位 | P68: 个位
A69: 全大信号 | D69: =IFERROR(COUNTIFS(K5:K67,"🔴 全大",AR6:AR68,"✅")/COUNTIF(K5:K67,"🔴 全大"),0) | E69: =COUNTIF(K5:K67,"🔴 全大") | F69: 全大信号 | I69: =IFERROR(COUNTIFS(T5:T67,"🔴 全大",AS6:AS68,"✅")/COUNTIF(T5:T67,"🔴 全大"),0) | J69: =COUNTIF(T5:T67,"🔴 全大") | K69: 全大信号 | N69: =IFERROR(COUNTIFS(AC5:AC67,"🔴 全大",AT6:AT68,"✅")/COUNTIF(AC5:AC67,"🔴 全大"),0) | O69: =COUNTIF(AC5:AC67,"🔴 全大") | P69: 全大信号 | S69: =IFERROR(COUNTIFS(AL5:AL67,"🔴 全大",AU6:AU68,"✅")/COUNTIF(AL5:AL67,"🔴 全大"),0) | T69: =COUNTIF(AL5:AL67,"🔴 全大")
A70: 全小信号 | D70: =IFERROR(COUNTIFS(K5:K67,"🔵 全小",AR6:AR68,"✅")/COUNTIF(K5:K67,"🔵 全小"),0) | E70: =COUNTIF(K5:K67,"🔵 全小") | F70: 全小信号 | I70: =IFERROR(COUNTIFS(T5:T67,"🔵 全小",AS6:AS68,"✅")/COUNTIF(T5:T67,"🔵 全小"),0) | J70: =COUNTIF(T5:T67,"🔵 全小") | K70: 全小信号 | N70: =IFERROR(COUNTIFS(AC5:AC67,"🔵 全小",AT6:AT68,"✅")/COUNTIF(AC5:AC67,"🔵 全小"),0) | O70: =COUNTIF(AC5:AC67,"🔵 全小") | P70: 全小信号 | S70: =IFERROR(COUNTIFS(AL5:AL67,"🔵 全小",AU6:AU68,"✅")/COUNTIF(AL5:AL67,"🔵 全小"),0) | T70: =COUNTIF(AL5:AL67,"🔵 全小")
A74: 💡 使用方法：填入日期+市场+三奖号码 → 系统自动计算4个位置的大小·单双·连续期数·预警·建议条件。连续≥3期同方向时开始关注反转。
A75: ⚠️ 只有「强信号」(全大/全小) 才建议直接用于筛选。「偏大/偏小」仅参考。连续4期+出现🚨时，考虑等待反转，不要盲目继续追同方向。

Sheet 📂 3D归档
A2: 📂 3D 号码归档 — 活跃·推荐·规律等待·下半年出现 全状态追踪
B3: 活跃 | C3: 推荐 | D3: 规律等待中 | E3: 下半年出现 | F3: 冷号回补 | G3: 观察中 | H3: 已命中 | I3: 忽略
A4: 统计 | B4: =COUNTIF(F6:F105,"活跃") | C4: =COUNTIF(F6:F105,"推荐") | D4: =COUNTIF(F6:F105,"规律等待中") | E4: =COUNTIF(F6:F105,"下半年出现") | F4: =COUNTIF(F6:F105,"冷号回补") | G4: =COUNTIF(F6:F105,"观察中") | H4: =COUNTIF(F6:F105,"已命中") | I4: =COUNTIF(F6:F105,"忽略")
A5: # | B5: 3D号码 | C5: 数根 | D5: 大小形态 | E5: 单双形态 | F5: 状态 | G5: 优先级 | H5: 市场 | I5: 近30期次数 | J5: 上次出现 | K5: 已过期(期) | L5: 预测出现 | M5: 验证 | N5: 备注/理由
A6: 1 | C6: =IF(B6="","",IF(MOD(INT(B6/100)+INT(MOD(B6,100)/10)+MOD(B6,10),9)=0,9,MOD(INT(B6/100)+INT(MOD(B6,100)/10)+MOD(B6,10),9))) | D6: =IF(B6="","",IF(INT(B6/100)>=5,"大","小")&IF(INT(MOD(B6,100)/10)>=5,"大","小")&IF(MOD(B6,10)>=5,"大","小")) | E6: =IF(B6="","",IF(MOD(INT(B6/100),2)=0,"双","单")&IF(MOD(INT(MOD(B6,100)/10),2)=0,"双","单")&IF(MOD(MOD(B6,10),2)=0,"双","单"))
A7: 2 | C7: =IF(B7="","",IF(MOD(INT(B7/100)+INT(MOD(B7,100)/10)+MOD(B7,10),9)=0,9,MOD(INT(B7/100)+INT(MOD(B7,100)/10)+MOD(B7,10),9))) | D7: =IF(B7="","",IF(INT(B7/100)>=5,"大","小")&IF(INT(MOD(B7,100)/10)>=5,"大","小")&IF(MOD(B7,10)>=5,"大","小")) | E7: =IF(B7="","",IF(MOD(INT(B7/100),2)=0,"双","单")&IF(MOD(INT(MOD(B7,100)/10),2)=0,"双","单")&IF(MOD(MOD(B7,10),2)=0,"双","单"))
A8: 3 | C8: =IF(B8="","",IF(MOD(INT(B8/100)+INT(MOD(B8,100)/10)+MOD(B8,10),9)=0,9,MOD(INT(B8/100)+INT(MOD(B8,100)/10)+MOD(B8,10),9))) | D8: =IF(B8="","",IF(INT(B8/100)>=5,"大","小")&IF(INT(MOD(B8,100)/10)>=5,"大","小")&IF(MOD(B8,10)>=5,"大","小")) | E8: =IF(B8="","",IF(MOD(INT(B8/100),2)=0,"双","单")&IF(MOD(INT(MOD(B8,100)/10),2)=0,"双","单")&IF(MOD(MOD(B8,10),2)=0,"双","单"))
A9: 4 | C9: =IF(B9="","",IF(MOD(INT(B9/100)+INT(MOD(B9,100)/10)+MOD(B9,10),9)=0,9,MOD(INT(B9/100)+INT(MOD(B9,100)/10)+MOD(B9,10),9))) | D9: =IF(B9="","",IF(INT(B9/100)>=5,"大","小")&IF(INT(MOD(B9,100)/10)>=5,"大","小")&IF(MOD(B9,10)>=5,"大","小")) | E9: =IF(B9="","",IF(MOD(INT(B9/100),2)=0,"双","单")&IF(MOD(INT(MOD(B9,100)/10),2)=0,"双","单")&IF(MOD(MOD(B9,10),2)=0,"双","单"))
A10: 5 | C10: =IF(B10="","",IF(MOD(INT(B10/100)+INT(MOD(B10,100)/10)+MOD(B10,10),9)=0,9,MOD(INT(B10/100)+INT(MOD(B10,100)/10)+MOD(B10,10),9))) | D10: =IF(B10="","",IF(INT(B10/100)>=5,"大","小")&IF(INT(MOD(B10,100)/10)>=5,"大","小")&IF(MOD(B10,10)>=5,"大","小")) | E10: =IF(B10="","",IF(MOD(INT(B10/100),2)=0,"双","单")&IF(MOD(INT(MOD(B10,100)/10),2)=0,"双","单")&IF(MOD(MOD(B10,10),2)=0,"双","单"))
A11: 6 | C11: =IF(B11="","",IF(MOD(INT(B11/100)+INT(MOD(B11,100)/10)+MOD(B11,10),9)=0,9,MOD(INT(B11/100)+INT(MOD(B11,100)/10)+MOD(B11,10),9))) | D11: =IF(B11="","",IF(INT(B11/100)>=5,"大","小")&IF(INT(MOD(B11,100)/10)>=5,"大","小")&IF(MOD(B11,10)>=5,"大","小")) | E11: =IF(B11="","",IF(MOD(INT(B11/100),2)=0,"双","单")&IF(MOD(INT(MOD(B11,100)/10),2)=0,"双","单")&IF(MOD(MOD(B11,10),2)=0,"双","单"))
A12: 7 | C12: =IF(B12="","",IF(MOD(INT(B12/100)+INT(MOD(B12,100)/10)+MOD(B12,10),9)=0,9,MOD(INT(B12/100)+INT(MOD(B12,100)/10)+MOD(B12,10),9))) | D12: =IF(B12="","",IF(INT(B12/100)>=5,"大","小")&IF(INT(MOD(B12,100)/10)>=5,"大","小")&IF(MOD(B12,10)>=5,"大","小")) | E12: =IF(B12="","",IF(MOD(INT(B12/100),2)=0,"双","单")&IF(MOD(INT(MOD(B12,100)/10),2)=0,"双","单")&IF(MOD(MOD(B12,10),2)=0,"双","单"))
A13: 8 | C13: =IF(B13="","",IF(MOD(INT(B13/100)+INT(MOD(B13,100)/10)+MOD(B13,10),9)=0,9,MOD(INT(B13/100)+INT(MOD(B13,100)/10)+MOD(B13,10),9))) | D13: =IF(B13="","",IF(INT(B13/100)>=5,"大","小")&IF(INT(MOD(B13,100)/10)>=5,"大","小")&IF(MOD(B13,10)>=5,"大","小")) | E13: =IF(B13="","",IF(MOD(INT(B13/100),2)=0,"双","单")&IF(MOD(INT(MOD(B13,100)/10),2)=0,"双","单")&IF(MOD(MOD(B13,10),2)=0,"双","单"))
A14: 9 | C14: =IF(B14="","",IF(MOD(INT(B14/100)+INT(MOD(B14,100)/10)+MOD(B14,10),9)=0,9,MOD(INT(B14/100)+INT(MOD(B14,100)/10)+MOD(B14,10),9))) | D14: =IF(B14="","",IF(INT(B14/100)>=5,"大","小")&IF(INT(MOD(B14,100)/10)>=5,"大","小")&IF(MOD(B14,10)>=5,"大","小")) | E14: =IF(B14="","",IF(MOD(INT(B14/100),2)=0,"双","单")&IF(MOD(INT(MOD(B14,100)/10),2)=0,"双","单")&IF(MOD(MOD(B14,10),2)=0,"双","单"))
A15: 10 | C15: =IF(B15="","",IF(MOD(INT(B15/100)+INT(MOD(B15,100)/10)+MOD(B15,10),9)=0,9,MOD(INT(B15/100)+INT(MOD(B15,100)/10)+MOD(B15,10),9))) | D15: =IF(B15="","",IF(INT(B15/100)>=5,"大","小")&IF(INT(MOD(B15,100)/10)>=5,"大","小")&IF(MOD(B15,10)>=5,"大","小")) | E15: =IF(B15="","",IF(MOD(INT(B15/100),2)=0,"双","单")&IF(MOD(INT(MOD(B15,100)/10),2)=0,"双","单")&IF(MOD(MOD(B15,10),2)=0,"双","单"))
A16: 11 | C16: =IF(B16="","",IF(MOD(INT(B16/100)+INT(MOD(B16,100)/10)+MOD(B16,10),9)=0,9,MOD(INT(B16/100)+INT(MOD(B16,100)/10)+MOD(B16,10),9))) | D16: =IF(B16="","",IF(INT(B16/100)>=5,"大","小")&IF(INT(MOD(B16,100)/10)>=5,"大","小")&IF(MOD(B16,10)>=5,"大","小")) | E16: =IF(B16="","",IF(MOD(INT(B16/100),2)=0,"双","单")&IF(MOD(INT(MOD(B16,100)/10),2)=0,"双","单")&IF(MOD(MOD(B16,10),2)=0,"双","单"))
A17: 12 | C17: =IF(B17="","",IF(MOD(INT(B17/100)+INT(MOD(B17,100)/10)+MOD(B17,10),9)=0,9,MOD(INT(B17/100)+INT(MOD(B17,100)/10)+MOD(B17,10),9))) | D17: =IF(B17="","",IF(INT(B17/100)>=5,"大","小")&IF(INT(MOD(B17,100)/10)>=5,"大","小")&IF(MOD(B17,10)>=5,"大","小")) | E17: =IF(B17="","",IF(MOD(INT(B17/100),2)=0,"双","单")&IF(MOD(INT(MOD(B17,100)/10),2)=0,"双","单")&IF(MOD(MOD(B17,10),2)=0,"双","单"))
... A105: 100 | C105: =IF(B105="","",IF(MOD(INT(B105/100)+INT(MOD(B105,100)/10)+MOD(B105,10),9)=0,9,MOD(INT(B105/100)+INT(MOD(B105,100)/10)+MOD(B105,10),9))) | D105: =IF(B105="","",IF(INT(B105/100)>=5,"大","小")&IF(INT(MOD(B105,100)/10)>=5,"大","小")&IF(MOD(B105,10)>=5,"大","小")) | E105: =IF(B105="","",IF(MOD(INT(B105/100),2)=0,"双","单")&IF(MOD(INT(MOD(B105,100)/10),2)=0,"双","单")&IF(MOD(MOD(B105,10),2)=0,"双","单"))

Sheet 📂 4D归档
A2: 📂 4D 号码归档 — 含打数·点数·前后3D 自动分解 · 状态追踪
B3: 活跃 | C3: 推荐 | D3: 规律等待中 | E3: 下半年出现 | F3: 冷号回补 | G3: 观察中 | H3: 已命中 | I3: 忽略
A4: 统计 | B4: =COUNTIF(H6:H105,"活跃") | C4: =COUNTIF(H6:H105,"推荐") | D4: =COUNTIF(H6:H105,"规律等待中") | E4: =COUNTIF(H6:H105,"下半年出现") | F4: =COUNTIF(H6:H105,"冷号回补") | G4: =COUNTIF(H6:H105,"观察中") | H4: =COUNTIF(H6:H105,"已命中") | I4: =COUNTIF(H6:H105,"忽略")
A5: # | B5: 4D号码 | C5: 数根 | D5: 点数 | E5: 打数 | F5: 前3D | G5: 后3D | H5: 状态 | I5: 优先级 | J5: 市场 | K5: 近50期次数 | L5: 上次出现 | M5: 已过期(期) | N5: 预测出现 | O5: 验证 | P5: 备注/理由
A6: 1 | C6: =IF(B6="","",IF(MOD(INT(B6/1000)+INT(MOD(B6,1000)/100)+INT(MOD(B6,100)/10)+MOD(B6,10),9)=0,9,MOD(INT(B6/1000)+INT(MOD(B6,1000)/100)+INT(MOD(B6,100)/10)+MOD(B6,10),9))) | D6: =IF(B6="","",INT(B6/1000)+INT(MOD(B6,1000)/100)+INT(MOD(B6,100)/10)+MOD(B6,10)) | E6: =IF(B6="","",LET(d1,INT(B6/1000),d2,INT(MOD(B6,1000)/100),d3,INT(MOD(B6,100)/10),d4,MOD(B6,10),p,(d1=d2)+(d1=d3)+(d1=d4)+(d2=d3)+(d2=d4)+(d3=d4),IF(p=6,"1打(豹子)",IF(p=3,"4打",IF(p=2,"6打",IF(p=1,"12打","24打")))))) | F6: =IF(B6="","",INT(B6/10)) | G6: =IF(B6="","",MOD(B6,1000))
A7: 2 | C7: =IF(B7="","",IF(MOD(INT(B7/1000)+INT(MOD(B7,1000)/100)+INT(MOD(B7,100)/10)+MOD(B7,10),9)=0,9,MOD(INT(B7/1000)+INT(MOD(B7,1000)/100)+INT(MOD(B7,100)/10)+MOD(B7,10),9))) | D7: =IF(B7="","",INT(B7/1000)+INT(MOD(B7,1000)/100)+INT(MOD(B7,100)/10)+MOD(B7,10)) | E7: =IF(B7="","",LET(d1,INT(B7/1000),d2,INT(MOD(B7,1000)/100),d3,INT(MOD(B7,100)/10),d4,MOD(B7,10),p,(d1=d2)+(d1=d3)+(d1=d4)+(d2=d3)+(d2=d4)+(d3=d4),IF(p=6,"1打(豹子)",IF(p=3,"4打",IF(p=2,"6打",IF(p=1,"12打","24打")))))) | F7: =IF(B7="","",INT(B7/10)) | G7: =IF(B7="","",MOD(B7,1000))
A8: 3 | C8: =IF(B8="","",IF(MOD(INT(B8/1000)+INT(MOD(B8,1000)/100)+INT(MOD(B8,100)/10)+MOD(B8,10),9)=0,9,MOD(INT(B8/1000)+INT(MOD(B8,1000)/100)+INT(MOD(B8,100)/10)+MOD(B8,10),9))) | D8: =IF(B8="","",INT(B8/1000)+INT(MOD(B8,1000)/100)+INT(MOD(B8,100)/10)+MOD(B8,10)) | E8: =IF(B8="","",LET(d1,INT(B8/1000),d2,INT(MOD(B8,1000)/100),d3,INT(MOD(B8,100)/10),d4,MOD(B8,10),p,(d1=d2)+(d1=d3)+(d1=d4)+(d2=d3)+(d2=d4)+(d3=d4),IF(p=6,"1打(豹子)",IF(p=3,"4打",IF(p=2,"6打",IF(p=1,"12打","24打")))))) | F8: =IF(B8="","",INT(B8/10)) | G8: =IF(B8="","",MOD(B8,1000))
A9: 4 | C9: =IF(B9="","",IF(MOD(INT(B9/1000)+INT(MOD(B9,1000)/100)+INT(MOD(B9,100)/10)+MOD(B9,10),9)=0,9,MOD(INT(B9/1000)+INT(MOD(B9,1000)/100)+INT(MOD(B9,100)/10)+MOD(B9,10),9))) | D9: =IF(B9="","",INT(B9/1000)+INT(MOD(B9,1000)/100)+INT(MOD(B9,100)/10)+MOD(B9,10)) | E9: =IF(B9="","",LET(d1,INT(B9/1000),d2,INT(MOD(B9,1000)/100),d3,INT(MOD(B9,100)/10),d4,MOD(B9,10),p,(d1=d2)+(d1=d3)+(d1=d4)+(d2=d3)+(d2=d4)+(d3=d4),IF(p=6,"1打(豹子)",IF(p=3,"4打",IF(p=2,"6打",IF(p=1,"12打","24打")))))) | F9: =IF(B9="","",INT(B9/10)) | G9: =IF(B9="","",MOD(B9,1000))
A10: 5 | C10: =IF(B10="","",IF(MOD(INT(B10/1000)+INT(MOD(B10,1000)/100)+INT(MOD(B10,100)/10)+MOD(B10,10),9)=0,9,MOD(INT(B10/1000)+INT(MOD(B10,1000)/100)+INT(MOD(B10,100)/10)+MOD(B10,10),9))) | D10: =IF(B10="","",INT(B10/1000)+INT(MOD(B10,1000)/100)+INT(MOD(B10,100)/10)+MOD(B10,10)) | E10: =IF(B10="","",LET(d1,INT(B10/1000),d2,INT(MOD(B10,1000)/100),d3,INT(MOD(B10,100)/10),d4,MOD(B10,10),p,(d1=d2)+(d1=d3)+(d1=d4)+(d2=d3)+(d2=d4)+(d3=d4),IF(p=6,"1打(豹子)",IF(p=3,"4打",IF(p=2,"6打",IF(p=1,"12打","24打")))))) | F10: =IF(B10="","",INT(B10/10)) | G10: =IF(B10="","",MOD(B10,1000))
A11: 6 | C11: =IF(B11="","",IF(MOD(INT(B11/1000)+INT(MOD(B11,1000)/100)+INT(MOD(B11,100)/10)+MOD(B11,10),9)=0,9,MOD(INT(B11/1000)+INT(MOD(B11,1000)/100)+INT(MOD(B11,100)/10)+MOD(B11,10),9))) | D11: =IF(B11="","",INT(B11/1000)+INT(MOD(B11,1000)/100)+INT(MOD(B11,100)/10)+MOD(B11,10)) | E11: =IF(B11="","",LET(d1,INT(B11/1000),d2,INT(MOD(B11,1000)/100),d3,INT(MOD(B11,100)/10),d4,MOD(B11,10),p,(d1=d2)+(d1=d3)+(d1=d4)+(d2=d3)+(d2=d4)+(d3=d4),IF(p=6,"1打(豹子)",IF(p=3,"4打",IF(p=2,"6打",IF(p=1,"12打","24打")))))) | F11: =IF(B11="","",INT(B11/10)) | G11: =IF(B11="","",MOD(B11,1000))
A12: 7 | C12: =IF(B12="","",IF(MOD(INT(B12/1000)+INT(MOD(B12,1000)/100)+INT(MOD(B12,100)/10)+MOD(B12,10),9)=0,9,MOD(INT(B12/1000)+INT(MOD(B12,1000)/100)+INT(MOD(B12,100)/10)+MOD(B12,10),9))) | D12: =IF(B12="","",INT(B12/1000)+INT(MOD(B12,1000)/100)+INT(MOD(B12,100)/10)+MOD(B12,10)) | E12: =IF(B12="","",LET(d1,INT(B12/1000),d2,INT(MOD(B12,1000)/100),d3,INT(MOD(B12,100)/10),d4,MOD(B12,10),p,(d1=d2)+(d1=d3)+(d1=d4)+(d2=d3)+(d2=d4)+(d3=d4),IF(p=6,"1打(豹子)",IF(p=3,"4打",IF(p=2,"6打",IF(p=1,"12打","24打")))))) | F12: =IF(B12="","",INT(B12/10)) | G12: =IF(B12="","",MOD(B12,1000))
A13: 8 | C13: =IF(B13="","",IF(MOD(INT(B13/1000)+INT(MOD(B13,1000)/100)+INT(MOD(B13,100)/10)+MOD(B13,10),9)=0,9,MOD(INT(B13/1000)+INT(MOD(B13,1000)/100)+INT(MOD(B13,100)/10)+MOD(B13,10),9))) | D13: =IF(B13="","",INT(B13/1000)+INT(MOD(B13,1000)/100)+INT(MOD(B13,100)/10)+MOD(B13,10)) | E13: =IF(B13="","",LET(d1,INT(B13/1000),d2,INT(MOD(B13,1000)/100),d3,INT(MOD(B13,100)/10),d4,MOD(B13,10),p,(d1=d2)+(d1=d3)+(d1=d4)+(d2=d3)+(d2=d4)+(d3=d4),IF(p=6,"1打(豹子)",IF(p=3,"4打",IF(p=2,"6打",IF(p=1,"12打","24打")))))) | F13: =IF(B13="","",INT(B13/10)) | G13: =IF(B13="","",MOD(B13,1000))
A14: 9 | C14: =IF(B14="","",IF(MOD(INT(B14/1000)+INT(MOD(B14,1000)/100)+INT(MOD(B14,100)/10)+MOD(B14,10),9)=0,9,MOD(INT(B14/1000)+INT(MOD(B14,1000)/100)+INT(MOD(B14,100)/10)+MOD(B14,10),9))) | D14: =IF(B14="","",INT(B14/1000)+INT(MOD(B14,1000)/100)+INT(MOD(B14,100)/10)+MOD(B14,10)) | E14: =IF(B14="","",LET(d1,INT(B14/1000),d2,INT(MOD(B14,1000)/100),d3,INT(MOD(B14,100)/10),d4,MOD(B14,10),p,(d1=d2)+(d1=d3)+(d1=d4)+(d2=d3)+(d2=d4)+(d3=d4),IF(p=6,"1打(豹子)",IF(p=3,"4打",IF(p=2,"6打",IF(p=1,"12打","24打")))))) | F14: =IF(B14="","",INT(B14/10)) | G14: =IF(B14="","",MOD(B14,1000))
A15: 10 | C15: =IF(B15="","",IF(MOD(INT(B15/1000)+INT(MOD(B15,1000)/100)+INT(MOD(B15,100)/10)+MOD(B15,10),9)=0,9,MOD(INT(B15/1000)+INT(MOD(B15,1000)/100)+INT(MOD(B15,100)/10)+MOD(B15,10),9))) | D15: =IF(B15="","",INT(B15/1000)+INT(MOD(B15,1000)/100)+INT(MOD(B15,100)/10)+MOD(B15,10)) | E15: =IF(B15="","",LET(d1,INT(B15/1000),d2,INT(MOD(B15,1000)/100),d3,INT(MOD(B15,100)/10),d4,MOD(B15,10),p,(d1=d2)+(d1=d3)+(d1=d4)+(d2=d3)+(d2=d4)+(d3=d4),IF(p=6,"1打(豹子)",IF(p=3,"4打",IF(p=2,"6打",IF(p=1,"12打","24打")))))) | F15: =IF(B15="","",INT(B15/10)) | G15: =IF(B15="","",MOD(B15,1000))
A16: 11 | C16: =IF(B16="","",IF(MOD(INT(B16/1000)+INT(MOD(B16,1000)/100)+INT(MOD(B16,100)/10)+MOD(B16,10),9)=0,9,MOD(INT(B16/1000)+INT(MOD(B16,1000)/100)+INT(MOD(B16,100)/10)+MOD(B16,10),9))) | D16: =IF(B16="","",INT(B16/1000)+INT(MOD(B16,1000)/100)+INT(MOD(B16,100)/10)+MOD(B16,10)) | E16: =IF(B16="","",LET(d1,INT(B16/1000),d2,INT(MOD(B16,1000)/100),d3,INT(MOD(B16,100)/10),d4,MOD(B16,10),p,(d1=d2)+(d1=d3)+(d1=d4)+(d2=d3)+(d2=d4)+(d3=d4),IF(p=6,"1打(豹子)",IF(p=3,"4打",IF(p=2,"6打",IF(p=1,"12打","24打")))))) | F16: =IF(B16="","",INT(B16/10)) | G16: =IF(B16="","",MOD(B16,1000))
A17: 12 | C17: =IF(B17="","",IF(MOD(INT(B17/1000)+INT(MOD(B17,1000)/100)+INT(MOD(B17,100)/10)+MOD(B17,10),9)=0,9,MOD(INT(B17/1000)+INT(MOD(B17,1000)/100)+INT(MOD(B17,100)/10)+MOD(B17,10),9))) | D17: =IF(B17="","",INT(B17/1000)+INT(MOD(B17,1000)/100)+INT(MOD(B17,100)/10)+MOD(B17,10)) | E17: =IF(B17="","",LET(d1,INT(B17/1000),d2,INT(MOD(B17,1000)/100),d3,INT(MOD(B17,100)/10),d4,MOD(B17,10),p,(d1=d2)+(d1=d3)+(d1=d4)+(d2=d3)+(d2=d4)+(d3=d4),IF(p=6,"1打(豹子)",IF(p=3,"4打",IF(p=2,"6打",IF(p=1,"12打","24打")))))) | F17: =IF(B17="","",INT(B17/10)) | G17: =IF(B17="","",MOD(B17,1000))
... A105: 100 | C105: =IF(B105="","",IF(MOD(INT(B105/1000)+INT(MOD(B105,1000)/100)+INT(MOD(B105,100)/10)+MOD(B105,10),9)=0,9,MOD(INT(B105/1000)+INT(MOD(B105,1000)/100)+INT(MOD(B105,100)/10)+MOD(B105,10),9))) | D105: =IF(B105="","",INT(B105/1000)+INT(MOD(B105,1000)/100)+INT(MOD(B105,100)/10)+MOD(B105,10)) | E105: =IF(B105="","",LET(d1,INT(B105/1000),d2,INT(MOD(B105,1000)/100),d3,INT(MOD(B105,100)/10),d4,MOD(B105,10),p,(d1=d2)+(d1=d3)+(d1=d4)+(d2=d3)+(d2=d4)+(d3=d4),IF(p=6,"1打(豹子)",IF(p=3,"4打",IF(p=2,"6打",IF(p=1,"12打","24打")))))) | F105: =IF(B105="","",INT(B105/10)) | G105: =IF(B105="","",MOD(B105,1000))
